"PackageName","Title","Url","Version","Depends","Imports","Published","Suggests","Author","Maintainer","Contact","License","NeedsCompilation","SystemRequirements"
"AATtools","Reliability and Scoring Routines for the Approach-Avoidance Task","https://cran.r-project.org/web/packages/AATtools/index.html","0.0.3","R (≥ 3.6.0)","magrittr, dplyr, doParallel, foreach","2024-08-16",NA,"10.32614/CRAN.package.AATtools",NA,NA,NA,NA,NA
"ABACUS","Apps Based Activities for Communicating and Understanding
Statistics","https://cran.r-project.org/web/packages/ABACUS/index.html","1.0.0","R (≥ 3.1.0)","ggplot2 (≥ 3.1.0), shiny (≥ 1.3.1)","2019-09-20","rmarkdown (≥ 1.13), knitr (≥ 1.22)","10.32614/CRAN.package.ABACUS",NA,NA,NA,NA,NA
"ABC.RAP","Array Based CpG Region Analysis Pipeline","https://cran.r-project.org/web/packages/ABC.RAP/index.html","0.9.0","R (≥ 3.1.0)","graphics, stats, utils","2016-10-20","knitr, rmarkdown","10.32614/CRAN.package.ABC.RAP",NA,NA,NA,NA,NA
"ABCDscores","Summary Scores of the Adolescent Brain Cognitive Development
(ABCD) Study","https://cran.r-project.org/web/packages/ABCDscores/index.html","6.0.1","R (≥ 4.3.0)","chk, cli, dplyr, glue, lubridate, magrittr, purrr, rlang, stringr, tibble, tidyr, stats, utils","2025-09-11","arrow, rmarkdown, roxyglobals, testthat (≥ 3.0.0), knitr, reactable, readr, usethis","10.32614/CRAN.package.ABCDscores",NA,NA,NA,NA,NA
"ABCanalysis","Computed ABC Analysis","https://cran.r-project.org/web/packages/ABCanalysis/index.html","1.2.1","R (≥ 2.10)","plotrix","2017-03-13",NA,"10.32614/CRAN.package.ABCanalysis",NA,NA,NA,NA,NA
"ABCoptim","Implementation of Artificial Bee Colony (ABC) Optimization","https://cran.r-project.org/web/packages/ABCoptim/index.html","0.15.0",NA,"Rcpp, graphics, stats, utils","testthat, covr","Rcpp","2017-11-06",NA,NA,NA,NA,NA
"ABHgenotypeR","Easy Visualization of ABH Genotypes","https://cran.r-project.org/web/packages/ABHgenotypeR/index.html","1.0.1",NA,"ggplot2, reshape2, utils","2016-02-04","knitr, rmarkdown","10.32614/CRAN.package.ABHgenotypeR",NA,NA,NA,NA,NA
"ABM","Agent Based Model Simulation Framework","https://cran.r-project.org/web/packages/ABM/index.html","0.4.3",NA,"R6, Rcpp","Rcpp",NA,"2025-01-26",NA,NA,NA,NA,NA
"ABPS","The Abnormal Blood Profile Score to Detect Blood Doping","https://cran.r-project.org/web/packages/ABPS/index.html","0.3",NA,"kernlab","2018-10-18","testthat","10.32614/CRAN.package.ABPS",NA,NA,NA,NA,NA
"ABRSQOL","Quality-of-Life Solver for \"Measuring Quality of Life under
Spatial Frictions\"","https://cran.r-project.org/web/packages/ABRSQOL/index.html","1.0.0","R (≥ 3.5.0)",NA,"2024-11-06","testthat (≥ 3.0.0)","10.32614/CRAN.package.ABRSQOL",NA,NA,NA,NA,NA
"ABSurvTDC","Survival Analysis using Time Dependent Covariate for Animal
Breeding","https://cran.r-project.org/web/packages/ABSurvTDC/index.html","0.1.0","R (≥ 3.5.0)","stats, survival, readxl","2023-01-12",NA,"10.32614/CRAN.package.ABSurvTDC",NA,NA,NA,NA,NA
"ACA","Abrupt Change-Point or Aberration Detection in Point Series","https://cran.r-project.org/web/packages/ACA/index.html","1.1","R (≥ 3.2.2)","graphics, grDevices, stats, utils","2018-07-02",NA,"10.32614/CRAN.package.ACA",NA,NA,NA,NA,NA
"ACDm","Tools for Autoregressive Conditional Duration Models","https://cran.r-project.org/web/packages/ACDm/index.html","1.1.0","R (≥ 3.0.2)","broom, dplyr, ggplot2, graphics, numDeriv, plyr, Rcpp, Rsolnp, zoo","optimx, rgl","Rcpp (≥ 0.12.10)","2025-07-16",NA,NA,NA,NA,NA
"ACE.CoCo","Analysis of Correlated High-Dimensional Expression (ACE) Data","https://cran.r-project.org/web/packages/ACE.CoCo/index.html","0.1","R (≥ 3.6.0)","quantreg","2023-07-06","mvtnorm, MASS","10.32614/CRAN.package.ACE.CoCo",NA,NA,NA,NA,NA
"ACEP","Analisis Computacional de Eventos de Protesta","https://cran.r-project.org/web/packages/ACEP/index.html","0.0.22","R (≥ 3.5.0)","graphics, stats, httr","2023-10-19","covr, testthat (≥ 3.0.0)","10.32614/CRAN.package.ACEP",NA,NA,NA,NA,NA
"ACEsearch","'ACE' Search Engine API","https://cran.r-project.org/web/packages/ACEsearch/index.html","1.0.0",NA,"httr, testthat","2020-09-28",NA,"10.32614/CRAN.package.ACEsearch",NA,NA,NA,NA,NA
"ACEsimFit","ACE Kin Pair Data Simulations and Model Fitting","https://cran.r-project.org/web/packages/ACEsimFit/index.html","0.0.0.9",NA,"OpenMx (≥ 2.19.6), stats (≥ 3.5.0)","2022-10-12","knitr, testthat (≥ 3.0.0), rmarkdown","10.32614/CRAN.package.ACEsimFit",NA,NA,NA,NA,NA
"ACEt","Estimating Dynamic Heritability and Twin Model Comparison","https://cran.r-project.org/web/packages/ACEt/index.html","1.9.0","R (≥ 4.1)","Rcpp (≥ 0.11.1), splines, MASS, methods","knitr (≥ 1.12.1), rmarkdown (≥ 0.9.5)","BH, RcppArmadillo, Rcpp","2023-05-23",NA,NA,NA,NA,NA
"ACNE","Affymetrix SNP Probe-Summarization using Non-Negative Matrix
Factorization","https://cran.r-project.org/web/packages/ACNE/index.html","0.9.2","R (≥ 3.0.0), aroma.affymetrix (≥ 2.14.0)","MASS, R.methodsS3 (≥ 1.7.0), R.oo (≥ 1.23.0), R.utils (≥
2.1.0), matrixStats (≥ 0.50.0), R.filesets (≥ 2.9.0), aroma.core (≥ 2.14.0)","2025-08-19","DNAcopy","10.32614/CRAN.package.ACNE",NA,NA,NA,NA,NA
"ACSSpack","ACSS, Corresponding ACSS, and GLP Algorithm","https://cran.r-project.org/web/packages/ACSSpack/index.html","0.0.1.4","R (≥ 3.0.2)","stats, HDCI (≥ 1.0-2), MASS (≥ 7.3-60), extraDistr (≥
1.4-4)","Rcpp (≥ 1.0.11), RcppArmadillo (≥ 0.12.6.3.0)",NA,"2024-07-04",NA,NA,NA,NA,NA
"ACSWR","A Companion Package for the Book \"A Course in Statistics with R\"","https://cran.r-project.org/web/packages/ACSWR/index.html","1.0",NA,"MASS","2015-09-05",NA,"10.32614/CRAN.package.ACSWR",NA,NA,NA,NA,NA
"ACTCD","Asymptotic Classification Theory for Cognitive Diagnosis","https://cran.r-project.org/web/packages/ACTCD/index.html","1.3-0","R (≥ 3.1.0), R.methodsS3","GDINA, stats, utils","2023-11-09",NA,"10.32614/CRAN.package.ACTCD",NA,NA,NA,NA,NA
"ACV","Optimal Out-of-Sample Forecast Evaluation and Testing under
Stationarity","https://cran.r-project.org/web/packages/ACV/index.html","1.0.2",NA,"forecast, Matrix, methods, stats","2022-04-05","testthat","10.32614/CRAN.package.ACV",NA,NA,NA,NA,NA
"ACWR","Acute Chronic Workload Ratio Calculation","https://cran.r-project.org/web/packages/ACWR/index.html","0.1.0","R (≥ 2.10)","r2d3","2022-03-01","testthat (≥ 3.0.0)","10.32614/CRAN.package.ACWR",NA,NA,NA,NA,NA
"ADAPTS","Automated Deconvolution Augmentation of Profiles for Tissue
Specific Cells","https://cran.r-project.org/web/packages/ADAPTS/index.html","1.0.22","R (≥ 3.3.0)","missForest, e1071, ComICS, pheatmap, doParallel, utils, quantmod, preprocessCore, pcaMethods, foreach, nnls, ranger","2022-09-14","R.rsp, DeconRNASeq, WGCNA","10.32614/CRAN.package.ADAPTS",NA,NA,NA,NA,NA
"ADCT","Adaptive Design in Clinical Trials","https://cran.r-project.org/web/packages/ADCT/index.html","0.1.0",NA,"stats, mvtnorm","2016-11-20","clinfun, gsDesign","10.32614/CRAN.package.ADCT",NA,NA,NA,NA,NA
"ADDT","Analysis of Accelerated Destructive Degradation Test Data","https://cran.r-project.org/web/packages/ADDT/index.html","2.0","nlme, Matrix, coneproj",NA,"2016-11-03",NA,"10.32614/CRAN.package.ADDT",NA,NA,NA,NA,NA
"ADER","Data Analysis in Ecology","https://cran.r-project.org/web/packages/ADER/index.html","1.5","R (≥ 3.5.0)",NA,"2024-01-09",NA,"10.32614/CRAN.package.ADER",NA,NA,NA,NA,NA
"ADGofTest","Anderson-Darling GoF test","https://cran.r-project.org/web/packages/ADGofTest/index.html","0.3",NA,NA,"2011-12-28",NA,"10.32614/CRAN.package.ADGofTest",NA,NA,NA,NA,NA
"ADLP","Accident and Development Period Adjusted Linear Pools for
Actuarial Stochastic Reserving","https://cran.r-project.org/web/packages/ADLP/index.html","0.1.0","R (≥ 2.10)","methods","2024-04-18","knitr, tidyverse, SynthETIC (≥ 1.0.0)","10.32614/CRAN.package.ADLP",NA,NA,NA,NA,NA
"ADMM","Algorithms using Alternating Direction Method of Multipliers","https://cran.r-project.org/web/packages/ADMM/index.html","0.3.4",NA,"Rcpp, Matrix, Rdpack, stats, doParallel, foreach, parallel, utils","Rcpp, RcppArmadillo",NA,"2025-09-21",NA,NA,NA,NA,NA
"ADP","Adoption Probability, Triers and Users Rate of a New Product","https://cran.r-project.org/web/packages/ADP/index.html","0.1.6",NA,NA,"2021-08-13",NA,"10.32614/CRAN.package.ADP",NA,NA,NA,NA,NA
"ADPF","Use Least Squares Polynomial Regression and Statistical Testing
to Improve Savitzky-Golay","https://cran.r-project.org/web/packages/ADPF/index.html","0.0.1","R (≥ 3.2.4), stats, utils",NA,"2017-09-13",NA,"10.32614/CRAN.package.ADPF",NA,NA,NA,NA,NA
"ADPclust","Fast Clustering Using Adaptive Density Peak Detection","https://cran.r-project.org/web/packages/ADPclust/index.html","0.7","R (≥ 3.0.0)","dplyr, cluster, fields, knitr","2016-10-15","rmarkdown, testthat","10.32614/CRAN.package.ADPclust",NA,NA,NA,NA,NA
"ADTSA","Time Series Analysis","https://cran.r-project.org/web/packages/ADTSA/index.html","1.0.1",NA,NA,"2024-01-08",NA,"10.32614/CRAN.package.ADTSA",NA,NA,NA,NA,NA
"ADVICE","Automatic Direct Variable Selection via Interrupted Coefficient
Estimation","https://cran.r-project.org/web/packages/ADVICE/index.html","1.0","R (≥ 2.0.1)",NA,"2021-04-16",NA,"10.32614/CRAN.package.ADVICE",NA,NA,NA,NA,NA
"AEDForecasting","Change Point Analysis in ARIMA Forecasting","https://cran.r-project.org/web/packages/AEDForecasting/index.html","0.20.0","R (≥ 3.1.2)","changepoint, forecast, signal","2016-09-16","R.rsp","10.32614/CRAN.package.AEDForecasting",NA,NA,NA,NA,NA
"AEP","Statistical Modelling for Asymmetric Exponential Power
Distribution","https://cran.r-project.org/web/packages/AEP/index.html","0.1.4","R (≥ 3.3.0)",NA,"2022-09-07",NA,"10.32614/CRAN.package.AEP",NA,NA,NA,NA,NA
"AER","Applied Econometrics with R","https://cran.r-project.org/web/packages/AER/index.html","1.2-15","R (≥ 3.0.0), car (≥ 2.0-19), lmtest, sandwich (≥ 2.4-0), survival (≥ 2.37-5), zoo","stats, Formula (≥ 0.2-0)","2025-06-18","boot, dynlm, effects, fGarch, forecast, foreign, ineq, KernSmooth, lattice, longmemo, MASS, mlogit, nlme, nnet, np, plm, pscl, quantreg, rgl, ROCR, rugarch, sampleSelection, scatterplot3d, strucchange, systemfit (≥ 1.1-20), truncreg, tseries, urca, vars","10.32614/CRAN.package.AER",NA,NA,NA,NA,NA
"AEenrich","Adverse Event Enrichment Tests","https://cran.r-project.org/web/packages/AEenrich/index.html","1.1.0","R (≥ 3.5.0)","dplyr, magrittr, qvalue, doParallel, tidyr, modelr, foreach, rlang, utils","2021-11-01","testthat","10.32614/CRAN.package.AEenrich",NA,NA,NA,NA,NA
"AF","Model-Based Estimation of Confounder-Adjusted Attributable
Fractions","https://cran.r-project.org/web/packages/AF/index.html","0.1.5","stats, base, graphics, survival, drgee, stdReg, R (≥ 3.5.0), data.table, ivtools",NA,"2019-05-20",NA,"10.32614/CRAN.package.AF",NA,NA,NA,NA,NA
"AFFECT","Accelerated Functional Failure Time Model with
Error-Contaminated Survival Times","https://cran.r-project.org/web/packages/AFFECT/index.html","0.1.2","R (≥ 3.3.1)","stats, ggplot2","2023-07-06",NA,"10.32614/CRAN.package.AFFECT",NA,NA,NA,NA,NA
"AFR","Toolkit for Regression Analysis of Kazakhstan Banking Sector
Data","https://cran.r-project.org/web/packages/AFR/index.html","0.3.7","R (≥ 3.5.0)","car, forecast, zoo, regclass, olsrr, stats, lmtest, graphics, nlme, ggplot2, tseries, gridExtra, utils, rlang, xts, writexl, mFilter, nortest, goftest, cli","2025-08-28","knitr, rmarkdown, roxygen2","10.32614/CRAN.package.AFR",NA,NA,NA,NA,NA
"AFheritability","The Attributable Fraction (AF) Described as a Function of
Disease Heritability, Prevalence and Intervention Specific
Factors","https://cran.r-project.org/web/packages/AFheritability/index.html","0.1.0","reshape2, mvtnorm, ggplot2, shiny",NA,"2019-05-17",NA,"10.32614/CRAN.package.AFheritability",NA,NA,NA,NA,NA
"AGD","Analysis of Growth Data","https://cran.r-project.org/web/packages/AGD/index.html","0.45.0","R (≥ 2.10.0)","gamlss, gamlss.dist","2024-05-03",NA,"10.32614/CRAN.package.AGD",NA,NA,NA,NA,NA
"AGHmatrix","Relationship Matrices for Diploid and Autopolyploid Species","https://cran.r-project.org/web/packages/AGHmatrix/index.html","2.1.4","R (≥ 3.6.0)","Matrix (≥ 1.2-7.1), zoo (≥ 1.8.6)","2023-10-03","knitr, MASS, rmarkdown","10.32614/CRAN.package.AGHmatrix",NA,NA,NA,NA,NA
"AGPRIS","AGricultural PRoductivity in Space","https://cran.r-project.org/web/packages/AGPRIS/index.html","2.0","R (≥ 2.10)","methods, Matrix, plyr, sp, spdep, spacetime, matrixcalc, maxLik","2023-06-08","INLA, terra","10.32614/CRAN.package.AGPRIS",NA,NA,NA,NA,NA
"AHM","Additive Heredity Model: Method for the Mixture-of-Mixtures
Experiments","https://cran.r-project.org/web/packages/AHM/index.html","1.0.1","R (≥ 2.10), quadprog, glmnet","mixexp, plgp, devtools, dplyr, tibble, tidyr, Matrix","2019-07-28","knitr, rmarkdown, partitions","10.32614/CRAN.package.AHM",NA,NA,NA,NA,NA
"AHMbook","Functions and Data for the Book 'Applied Hierarchical Modeling
in Ecology' Vols 1 and 2","https://cran.r-project.org/web/packages/AHMbook/index.html","0.2.10","R (≥ 2.10)","grDevices, graphics, methods, stats, utils, unmarked (≥
0.12.2), mvtnorm","2024-09-11","coda, fields, raster, sp, spdep","10.32614/CRAN.package.AHMbook",NA,NA,NA,NA,NA
"AHPGaussian","New Multicriteria Method: AHPGaussian","https://cran.r-project.org/web/packages/AHPGaussian/index.html","0.1.3","R (≥ 4.0.0)","dplyr, tidyr, ggplot2, magrittr","2025-09-15","spelling, testthat (≥ 3.0.0)","10.32614/CRAN.package.AHPGaussian",NA,NA,NA,NA,NA
"AHPWR","Compute Analytic Hierarchy Process","https://cran.r-project.org/web/packages/AHPWR/index.html","0.1.0",NA,"dplyr, readxl, tidyr, ggplot2, igraph, formattable, magrittr, tibble, xlsx","2022-12-06","knitr, rmarkdown, kableExtra, stats, testthat (≥ 3.0.0)","10.32614/CRAN.package.AHPWR",NA,NA,NA,NA,NA
"AHPhybrid","AHP Hybrid Method","https://cran.r-project.org/web/packages/AHPhybrid/index.html","0.1.0",NA,NA,"2021-02-10",NA,"10.32614/CRAN.package.AHPhybrid",NA,NA,NA,NA,NA
"AHPtools","Consistency in the Analytic Hierarchy Process","https://cran.r-project.org/web/packages/AHPtools/index.html","1.0.1","R (≥ 3.5.0)","readxl, data.tree","2025-07-06","knitr, rmarkdown, testthat (≥ 3.0.0), dplyr, kableExtra, tidyverse","10.32614/CRAN.package.AHPtools",NA,NA,NA,NA,NA
"AHSurv","Flexible Parametric Accelerated Hazards Models","https://cran.r-project.org/web/packages/AHSurv/index.html","0.1.0","R (≥ 2.10)","flexsurv, rootSolve, stats, stats4","2022-06-02",NA,"10.32614/CRAN.package.AHSurv",NA,NA,NA,NA,NA
"AICcPermanova","Model Selection of PERMANOVA Models Using AICc","https://cran.r-project.org/web/packages/AICcPermanova/index.html","0.0.2",NA,"broom, car, data.table, doParallel, dplyr, foreach, furrr, future, parallel, stats, stringr, tidyr, vegan","2023-04-11","covr, testthat (≥ 3.0.0)","10.32614/CRAN.package.AICcPermanova",NA,NA,NA,NA,NA
"AICcmodavg","Model Selection and Multimodel Inference Based on (Q)AIC(c)","https://cran.r-project.org/web/packages/AICcmodavg/index.html","2.3-4","R (≥ 3.2.0)","methods, stats, graphics, lattice, MASS, Matrix, nlme, stats4, survival, unmarked, VGAM, xtable","2025-03-06","betareg, coxme, fitdistrplus, glmmTMB, lavaan, lme4, maxlike, nnet, ordinal, pscl, R2jags, R2OpenBUGS, R2WinBUGS, jagsUI, lmerTest","10.32614/CRAN.package.AICcmodavg",NA,NA,NA,NA,NA
"AID","Box-Cox Power Transformation","https://cran.r-project.org/web/packages/AID/index.html","3.1","R (≥ 3.2.0)","MASS, tseries, nortest, ggplot2, graphics, psych, stats, meta, stringr","2025-02-18","onewaytests","10.32614/CRAN.package.AID",NA,NA,NA,NA,NA
"AIFFtools","Read AIFF Files and Convert to WAVE Format","https://cran.r-project.org/web/packages/AIFFtools/index.html","1.0",NA,"R.utils, methods, tuneR","2024-09-05",NA,"10.32614/CRAN.package.AIFFtools",NA,NA,NA,NA,NA
"AIPW","Augmented Inverse Probability Weighting","https://cran.r-project.org/web/packages/AIPW/index.html","0.6.9.2","R (≥ 2.10)","stats, utils, R6, SuperLearner, ggplot2, future.apply, progressr, Rsolnp","2025-04-05","testthat (≥ 2.1.0), knitr, rmarkdown, covr, tmle","10.32614/CRAN.package.AIPW",NA,NA,NA,NA,NA
"AIUQ","Ab Initio Uncertainty Quantification","https://cran.r-project.org/web/packages/AIUQ/index.html","0.5.3",NA,"fftwtools (≥ 0.9.11), SuperGauss (≥ 2.0.3), methods, plot3D (≥ 1.4)","2024-07-02","knitr, rmarkdown","10.32614/CRAN.package.AIUQ",NA,NA,NA,NA,NA
"AIscreenR","AI Screening Tools in R for Systematic Reviewing","https://cran.r-project.org/web/packages/AIscreenR/index.html","0.2.0","R (≥ 4.1.0)","dplyr, tibble, httr2, stringr, furrr, tidyr, tictoc, askpass, curl, purrr, lifecycle, jsonlite","2025-08-18","future, knitr, rmarkdown, usethis, quarto, testthat (≥
3.0.0)","10.32614/CRAN.package.AIscreenR",NA,NA,NA,NA,NA
"ALDqr","Quantile Regression Using Asymmetric Laplace Distribution","https://cran.r-project.org/web/packages/ALDqr/index.html","1.0","R (≥ 2.15.0)","HyperbolicDist, sn","2017-01-22",NA,"10.32614/CRAN.package.ALDqr",NA,NA,NA,NA,NA
"ALFAM2","Dynamic Model of Ammonia Emission from Field-Applied Manure","https://cran.r-project.org/web/packages/ALFAM2/index.html","4.2","R (≥ 3.5.0)","Rcpp (≥ 1.0.8), stats","tinytest, knitr, rmarkdown","Rcpp","2024-11-08",NA,NA,NA,NA,NA
"ALLSPICER","ALLelic Spectrum of Pleiotropy Informed Correlated Effects","https://cran.r-project.org/web/packages/ALLSPICER/index.html","0.1.9",NA,"dplyr, magrittr, readr, mvtnorm, stats","2024-10-16","knitr, rmarkdown, testthat (≥ 3.0.0)","10.32614/CRAN.package.ALLSPICER",NA,NA,NA,NA,NA
"ALS","Multivariate Curve Resolution Alternating Least Squares
(MCR-ALS)","https://cran.r-project.org/web/packages/ALS/index.html","0.0.7","nnls (≥ 1.1), Iso, R (≥ 2.10)",NA,"2022-08-25",NA,"10.32614/CRAN.package.ALS",NA,NA,NA,NA,NA
"ALSCPC","Accelerated line search algorithm for simultaneous orthogonal
transformation of several positive definite symmetric matrices
to nearly diagonal form","https://cran.r-project.org/web/packages/ALSCPC/index.html","1.0",NA,NA,"2013-09-07",NA,"10.32614/CRAN.package.ALSCPC",NA,NA,NA,NA,NA
"ALTopt","Optimal Experimental Designs for Accelerated Life Testing","https://cran.r-project.org/web/packages/ALTopt/index.html","0.1.2","R (≥ 3.0.0)","cubature (≥ 1.0), lattice (≥ 0.20), methods","2019-12-12",NA,"10.32614/CRAN.package.ALTopt",NA,NA,NA,NA,NA
"ALUES","Agricultural Land Use Evaluation System","https://cran.r-project.org/web/packages/ALUES/index.html","0.2.1","R (≥ 3.5.0), Rcpp (≥ 0.10.6)",NA,"testthat, markdown, knitr, microbenchmark, ggmap, raster, reshape2","Rcpp","2022-01-12",NA,NA,NA,NA,NA
"ALassoSurvIC","Adaptive Lasso for the Cox Regression with Interval Censored and
Possibly Left Truncated Data","https://cran.r-project.org/web/packages/ALassoSurvIC/index.html","0.1.1","R (≥ 3.5.0)","Rcpp, parallel","Rcpp",NA,"2022-12-01",NA,NA,NA,NA,NA
"AMAPVox","LiDAR Data Voxelisation","https://cran.r-project.org/web/packages/AMAPVox/index.html","2.2.1","R (≥ 4.0.0)","curl, data.table, dplyr, jsonlite, methods, rappdirs, stringr, utils","2024-03-15","fields, ggplot2, graphics, grDevices, knitr, RANN, rgl, RefManageR, rmarkdown, sf, terra","10.32614/CRAN.package.AMAPVox",NA,NA,NA,NA,NA
"AMCP","A Model Comparison Perspective","https://cran.r-project.org/web/packages/AMCP/index.html","1.0.2","R (≥ 3.0.0)",NA,"2024-06-07",NA,"10.32614/CRAN.package.AMCP",NA,NA,NA,NA,NA
"AMCTestmakeR","Generate LaTeX Code for Auto-Multiple-Choice (AMC)","https://cran.r-project.org/web/packages/AMCTestmakeR/index.html","1.0.0",NA,NA,"2018-11-11","knitr, rmarkdown","10.32614/CRAN.package.AMCTestmakeR",NA,NA,NA,NA,NA
"AMIM","Compute the Adjusted Market Inefficiency Measure","https://cran.r-project.org/web/packages/AMIM/index.html","1.0.0","R (≥ 3.10)","data.table","2023-07-07",NA,"10.32614/CRAN.package.AMIM",NA,NA,NA,NA,NA
"AMISforInfectiousDiseases","Implement the AMIS Algorithm for Infectious Disease Models","https://cran.r-project.org/web/packages/AMISforInfectiousDiseases/index.html","0.1.0","R (≥ 4.1)","Hmisc, mclust, mnormt, Rcpp, weights","knitr, ggplot2, patchwork, rmarkdown, sf, viridis","Rcpp, RcppArmadillo","2025-01-20",NA,NA,NA,NA,NA
"AMModels","Adaptive Management Model Manager","https://cran.r-project.org/web/packages/AMModels/index.html","0.1.4",NA,"methods, unmarked","2018-10-30","R.rsp, shiny, shinyBS, knitr, AICcmodavg","10.32614/CRAN.package.AMModels",NA,NA,NA,NA,NA
"AMPLE","Shiny Apps to Support Capacity Building on Harvest Control Rules","https://cran.r-project.org/web/packages/AMPLE/index.html","1.0.2","shiny (≥ 1.7.3)","markdown, graphics, grDevices, RColorBrewer, stats, R6 (≥
2.5.1), scales (≥ 1.2.1), shinyjs (≥ 2.1.0), ggplot2 (≥
3.4.0), shinyscreenshot (≥ 0.2.0)","2023-09-29","knitr, rmarkdown, bookdown, testthat (≥ 3.1.5)","10.32614/CRAN.package.AMPLE",NA,NA,NA,NA,NA
"AMR","Antimicrobial Resistance Data Analysis","https://cran.r-project.org/web/packages/AMR/index.html","3.0.1","R (≥ 3.0.0)",NA,"2025-09-20","cleaner, cli, crayon, curl, data.table, dplyr, ggplot2, knitr, openxlsx, parallelly, pillar, progress, readxl, recipes, rlang, rmarkdown, rstudioapi, rvest, skimr, testthat, tibble, tidymodels, tidyselect, tinytest, vctrs, xml2","10.32614/CRAN.package.AMR",NA,NA,NA,NA,NA
"ANN2","Artificial Neural Networks for Anomaly Detection","https://cran.r-project.org/web/packages/ANN2/index.html","2.3.4",NA,"Rcpp (≥ 0.12.18), reshape2 (≥ 1.4.3), ggplot2 (≥ 3.0.0), viridisLite (≥ 0.3.0), methods","testthat","Rcpp, RcppArmadillo, testthat","2020-12-01",NA,NA,NA,NA,NA
"ANOFA","Analyses of Frequency Data","https://cran.r-project.org/web/packages/ANOFA/index.html","0.1.3","R (≥ 3.5.0)","rrapply (≥ 1.2.6), superb (≥ 0.95.0), Rdpack (≥ 0.7), ggplot2 (≥ 3.1.0), stats, utils","2023-11-18","rmarkdown, testthat, knitr","10.32614/CRAN.package.ANOFA",NA,NA,NA,NA,NA
"ANOM","Analysis of Means","https://cran.r-project.org/web/packages/ANOM/index.html","0.5","R (≥ 3.0.0)","ggplot2, MCPAN, multcomp, nparcomp, SimComp","2017-04-12","knitr, lme4, nlme, sandwich","10.32614/CRAN.package.ANOM",NA,NA,NA,NA,NA
"ANOPA","Analyses of Proportions using Anscombe Transform","https://cran.r-project.org/web/packages/ANOPA/index.html","0.2.3","R (≥ 4.1.0)","superb (≥ 0.95.23), Rdpack (≥ 0.7), ggplot2 (≥ 3.1.0), scales (≥ 1.2.1), stats, rrapply, utils, plyr (≥ 1.8.4)","2025-08-18","rmarkdown, ggh4x, gridExtra, psych, testthat, knitr","10.32614/CRAN.package.ANOPA",NA,NA,NA,NA,NA
"ANOVAIREVA","Interactive Document for Working with Analysis of Variance","https://cran.r-project.org/web/packages/ANOVAIREVA/index.html","0.1.0","R (≥ 3.0.3)","shiny, rmarkdown, dplyr, datasets, car, ggplot2, plotly","2019-10-16",NA,"10.32614/CRAN.package.ANOVAIREVA",NA,NA,NA,NA,NA
"ANOVAShiny","Interactive Document for Working with Analysis of Variance","https://cran.r-project.org/web/packages/ANOVAShiny/index.html","0.1.0","R (≥ 3.0.3)","shiny, rmarkdown, dplyr, datasets, rhandsontable, DescTools, HH","2019-05-01",NA,"10.32614/CRAN.package.ANOVAShiny",NA,NA,NA,NA,NA
"ANOVAShiny2","Interactive Document for Working with Analysis of Variance","https://cran.r-project.org/web/packages/ANOVAShiny2/index.html","0.1.0","R (≥ 4.0.0)","shiny, rmarkdown, dplyr, datasets, rhandsontable, DescTools, HH","2020-08-27",NA,"10.32614/CRAN.package.ANOVAShiny2",NA,NA,NA,NA,NA
"ANSM5","Functions and Data for the Book \"Applied Nonparametric
Statistical Methods\", 5th Edition","https://cran.r-project.org/web/packages/ANSM5/index.html","1.1.1","R (≥ 2.10)","stats","2024-08-31","testthat (≥ 3.0.0)","10.32614/CRAN.package.ANSM5",NA,NA,NA,NA,NA
"AOUSDOHtools","Analyzing AOU SDOH Survey Data","https://cran.r-project.org/web/packages/AOUSDOHtools/index.html","1.0.4","R (≥ 4.1.0)","dplyr","2025-03-26","testthat (≥ 3.0.0), knitr, rmarkdown, covr, devtools, usethis","10.32614/CRAN.package.AOUSDOHtools",NA,NA,NA,NA,NA
"AOV1R","Inference in the Balanced One-Way ANOVA Model with Random Factor","https://cran.r-project.org/web/packages/AOV1R/index.html","0.1.0","R (≥ 2.10)","cellranger, purrr, stats, data.table, lazyeval, utils","2020-11-10","knitr, rmarkdown","10.32614/CRAN.package.AOV1R",NA,NA,NA,NA,NA
"AOboot","Bootstrapping in Different One-Way and Two-Way ANOVA","https://cran.r-project.org/web/packages/AOboot/index.html","0.1.2","R (≥ 4.3.0), afex, emmeans, lsr, methods, carData",NA,"2025-03-25",NA,"10.32614/CRAN.package.AOboot",NA,NA,NA,NA,NA
"APCI","A New Age-Period-Cohort Model for Describing and Investigating
Inter-Cohort Differences and Life Course Dynamics","https://cran.r-project.org/web/packages/APCI/index.html","1.0.8","R (≥ 3.6.0)","survey, magrittr, dplyr, ggplot2, data.table, ggpubr, stringr, gee","2024-09-02",NA,"10.32614/CRAN.package.APCI",NA,NA,NA,NA,NA
"APCalign","Resolving Plant Taxon Names Using the Australian Plant Census","https://cran.r-project.org/web/packages/APCalign/index.html","1.1.3","R (≥ 4.1.0)","readr, purrr, dplyr, stringr, stringi, stringdist, crayon, httr, jsonlite, curl, arrow, rlang","2025-02-11","janitor, tidyr, covr, knitr, rmarkdown, kableExtra, here, testthat (≥ 3.0.0)","10.32614/CRAN.package.APCalign",NA,NA,NA,NA,NA
"APCanalysis","Analysis of Unreplicated Orthogonal Experiments using All
Possible Comparisons","https://cran.r-project.org/web/packages/APCanalysis/index.html","1.0","R (≥ 3.3.0)",NA,"2017-11-07",NA,"10.32614/CRAN.package.APCanalysis",NA,NA,NA,NA,NA
"APCtools","Routines for Descriptive and Model-Based APC Analysis","https://cran.r-project.org/web/packages/APCtools/index.html","1.0.8","R (≥ 3.5)","ggpubr, checkmate, knitr, ggplot2, colorspace, dplyr, mgcv, scales, tidyr, stringr","2025-06-18","testthat (≥ 3.0.0), rmarkdown, covr","10.32614/CRAN.package.APCtools",NA,NA,NA,NA,NA
"APFr","Multiple Testing Approach using Average Power Function (APF) and
Bayes FDR Robust Estimation","https://cran.r-project.org/web/packages/APFr/index.html","1.0.2","R (≥ 3.5.0)","stats (≥ 3.5.2), graphics (≥ 3.5.2)","2019-06-18",NA,"10.32614/CRAN.package.APFr",NA,NA,NA,NA,NA
"APIS","Auto-Adaptive Parentage Inference Software Tolerant to Missing
Parents","https://cran.r-project.org/web/packages/APIS/index.html","2.0.8","R (≥ 3.5.0), shinyBS","cowplot, data.table, doParallel, dplyr, DT, foreach, ggplot2, gridExtra, htmltools, methods, plotly, rlang, shiny, shinythemes","2024-11-04",NA,"10.32614/CRAN.package.APIS",NA,NA,NA,NA,NA
"APPEstimation","Adjusted Prediction Model Performance Estimation","https://cran.r-project.org/web/packages/APPEstimation/index.html","0.1.1","densratio",NA,"2018-01-05",NA,"10.32614/CRAN.package.APPEstimation",NA,NA,NA,NA,NA
"APRScenario","Structural Scenario Analysis for Bayesian Structural Vector
Autoregression Models","https://cran.r-project.org/web/packages/APRScenario/index.html","0.0.3.0","R (≥ 4.1.0)","dplyr, ggplot2, lubridate, parallel, MASS, tidyr, abind, psych, Rcpp (≥ 1.0.12), RcppProgress","bsvars, bsvarSIGNs, devtools, ggfortify, gridExtra, zoo, knitr, rmarkdown, testthat (≥ 3.0.0)","Rcpp, RcppArmadillo, RcppProgress","2025-07-24",NA,NA,NA,NA,NA
"APTIcalc","Air Pollution Tolerance Index (APTI) Calculator","https://cran.r-project.org/web/packages/APTIcalc/index.html","0.1.0","R (≥ 3.5.0)","shiny, ggplot2","2025-05-29","roxygen2, knitr, rmarkdown, testthat (≥ 3.0.0)","10.32614/CRAN.package.APTIcalc",NA,NA,NA,NA,NA
"APackOfTheClones","Visualization of Clonal Expansion for Single Cell Immune
Profiles","https://cran.r-project.org/web/packages/APackOfTheClones/index.html","1.3.0","R (≥ 4.1.0)","assertthat, dplyr, ggforce, ggplot2, hash, lifecycle, magrittr, methods, Rcpp, rlang, Seurat, SeuratObject","cowplot, covr, knitr, rmarkdown, spelling, testthat (≥
3.0.0), vdiffr, colorspace","Rcpp","2025-08-18",NA,NA,NA,NA,NA
"APtools","Average Positive Predictive Values (AP) for Binary Outcomes and
Censored Event Times","https://cran.r-project.org/web/packages/APtools/index.html","6.8.8","graphics, stats, utils, survival, cmprsk",NA,"2018-09-21",NA,"10.32614/CRAN.package.APtools",NA,NA,NA,NA,NA
"AQEval","Air Quality Evaluation","https://cran.r-project.org/web/packages/AQEval/index.html","0.6.2","R (≥ 3.5.0)","openair, dplyr, loa, ggplot2, strucchange, segmented, mgcv, tidyr, lubridate, purrr, ggtext, stats, data.table","2025-07-14","tinytest","10.32614/CRAN.package.AQEval",NA,NA,NA,NA,NA
"AQLSchemes","Retrieving Acceptance Sampling Schemes","https://cran.r-project.org/web/packages/AQLSchemes/index.html","1.7-2",NA,NA,"2023-09-13","R.rsp","10.32614/CRAN.package.AQLSchemes",NA,NA,NA,NA,NA
"AQuadtree","Confidentiality of Spatial Point Data","https://cran.r-project.org/web/packages/AQuadtree/index.html","1.0.4","R (≥ 3.3.2), methods, stats, sp (≥ 2.0-0), dplyr",NA,"2023-07-19","sf, knitr, devtools, rmarkdown","10.32614/CRAN.package.AQuadtree",NA,NA,NA,NA,NA
"AQuality","Water and Measurements Quality","https://cran.r-project.org/web/packages/AQuality/index.html","1.4","R (≥ 3.5.0)",NA,"2025-04-13",NA,"10.32614/CRAN.package.AQuality",NA,NA,NA,NA,NA
"AR","Another Look at the Acceptance-Rejection Method","https://cran.r-project.org/web/packages/AR/index.html","1.1",NA,"DISTRIB","2018-05-02",NA,"10.32614/CRAN.package.AR",NA,NA,NA,NA,NA
"ARCHISSUR","Active Recovery of a Constrained and Hidden Set by Stepwise
Uncertainty Reduction Strategy","https://cran.r-project.org/web/packages/ARCHISSUR/index.html","0.0.1",NA,"GPCsign, DiceKriging, KrigInv, future.apply, stats, TruncatedNormal, randtoolbox, rgenoud, graphics","2025-06-28","future, DiceDesign, testthat, knitr","10.32614/CRAN.package.ARCHISSUR",NA,NA,NA,NA,NA
"ARCensReg","Fitting Univariate Censored Linear Regression Model with
Autoregressive Errors","https://cran.r-project.org/web/packages/ARCensReg/index.html","3.0.2",NA,"ggplot2, gridExtra, matrixcalc, methods, msm, mvtnorm, numDeriv, qqplotr, Rcpp, Rdpack, stats, tmvtnorm, utils","SMNCensReg","RcppArmadillo, Rcpp","2025-08-26",NA,NA,NA,NA,NA
"ARCokrig","Autoregressive Cokriging Models for Multifidelity Codes","https://cran.r-project.org/web/packages/ARCokrig/index.html","0.1.2","R (≥ 3.5.0)","Rcpp, mvtnorm (≥ 1.0-10), stats, methods, ggplot2","Rcpp, RcppArmadillo, RcppEigen",NA,"2021-12-02",NA,NA,NA,NA,NA
"ARDECO","Annual Regional Database of the European Commission (ARDECO)","https://cran.r-project.org/web/packages/ARDECO/index.html","2.2.3","R (≥ 4.2.0)","httr, ghql, jsonlite, stringr, dplyr, arrow, tidyr","2025-07-29","knitr, rmarkdown, httptest2","10.32614/CRAN.package.ARDECO",NA,NA,NA,NA,NA
"ARDL","ARDL, ECM and Bounds-Test for Cointegration","https://cran.r-project.org/web/packages/ARDL/index.html","0.2.4","R (≥ 3.5.0)","aod, dplyr, dynlm, gridExtra, ggplot2, lmtest, msm, stringr, zoo","2023-08-21","strucchange, tseries, qpcR, sandwich, testthat (≥ 3.0.0)","10.32614/CRAN.package.ARDL",NA,NA,NA,NA,NA
"ARGOS","Automatic Regression for Governing Equations (ARGOS)","https://cran.r-project.org/web/packages/ARGOS/index.html","0.1.1","R (≥ 3.6.0)","Matrix, glmnet, Metrics, boot, tidyverse, magrittr, tidyr, signal, parallel, deSolve","2024-01-18","testthat, knitr, rmarkdown, devtools","10.32614/CRAN.package.ARGOS",NA,NA,NA,NA,NA
"ARHT","Adaptable Regularized Hotelling's T^2 Test for High-Dimensional
Data","https://cran.r-project.org/web/packages/ARHT/index.html","0.1.0","R (≥ 2.10)","stats","2018-03-27","testthat","10.32614/CRAN.package.ARHT",NA,NA,NA,NA,NA
"ARIMAANN","Time Series Forecasting using ARIMA-ANN Hybrid Model","https://cran.r-project.org/web/packages/ARIMAANN/index.html","0.1.0","R (≥ 2.3.1), stats, forecast, tseries",NA,"2022-10-13",NA,"10.32614/CRAN.package.ARIMAANN",NA,NA,NA,NA,NA
"ARIbrain","All-Resolution Inference","https://cran.r-project.org/web/packages/ARIbrain/index.html","0.2",NA,"hommel, RNifti, plyr","2018-08-01","knitr, rmarkdown","10.32614/CRAN.package.ARIbrain",NA,NA,NA,NA,NA
"ARMALSTM","Fitting of Hybrid ARMA-LSTM Models","https://cran.r-project.org/web/packages/ARMALSTM/index.html","0.1.0",NA,"rugarch, tseries, tensorflow, keras, reticulate","2024-02-28",NA,"10.32614/CRAN.package.ARMALSTM",NA,NA,NA,NA,NA
"ARPobservation","Tools for Simulating Direct Behavioral Observation Recording
Procedures Based on Alternating Renewal Processes","https://cran.r-project.org/web/packages/ARPobservation/index.html","1.2.2",NA,"stats","2023-08-25","shiny, plyr, reshape2, dplyr, ggplot2, viridis, knitr, rmarkdown, testthat","10.32614/CRAN.package.ARPobservation",NA,NA,NA,NA,NA
"ART","Aligned Rank Transform for Nonparametric Factorial Analysis","https://cran.r-project.org/web/packages/ART/index.html","1.0",NA,"stats, car","2015-08-13",NA,"10.32614/CRAN.package.ART",NA,NA,NA,NA,NA
"ARTofR","To Insert Title, Divider, and Block of Comments","https://cran.r-project.org/web/packages/ARTofR/index.html","0.4.1",NA,"bannerCommenter (≥ 1.0.0), clipr (≥ 0.4.0), rstudioapi, shiny","2022-03-05","rmarkdown, miniUI, knitr","10.32614/CRAN.package.ARTofR",NA,NA,NA,NA,NA
"ARTool","Aligned Rank Transform","https://cran.r-project.org/web/packages/ARTool/index.html","0.11.2","R (≥ 3.2)","lme4, car (≥ 2.0-24), plyr, magrittr, dplyr, emmeans","2025-04-10","testthat (≥ 0.10.0), knitr, rmarkdown, ggplot2, tidyr, pander, lmerTest, cluster, phia, survival, psych, stringi, DescTools, tibble, covr","10.32614/CRAN.package.ARTool",NA,NA,NA,NA,NA
"ARTtransfer","Adaptive and Robust Pipeline for Transfer Learning","https://cran.r-project.org/web/packages/ARTtransfer/index.html","1.0.0",NA,"gbm, glmnet, nnet, randomForest, stats","2024-10-24","knitr, rmarkdown","10.32614/CRAN.package.ARTtransfer",NA,NA,NA,NA,NA
"ARUtools","Management and Processing of Autonomous Recording Unit (ARU)
Data","https://cran.r-project.org/web/packages/ARUtools/index.html","0.7.3","R (≥ 4.1.0)","dplyr, fs (≥ 1.6.1), glue, here, hms (≥ 1.1.2), lifecycle, lubridate (≥ 1.9.3), lutz, parzer (≥ 0.4.4), purrr, readr, rlang (≥ 0.4), seewave (≥ 2.2.3), sf, spsurvey (≥ 5.0.1), stringr, suncalc (≥ 0.5.0), tidyr, units, withr","2025-07-28","covr, ggplot2, jsonlite, knitr, parallel, patchwork, readxl (≥ 1.4.2), rmarkdown, rstudioapi, soundecology, testthat (≥
3.0.0), tuneR, vdiffr (≥ 1.0.0)","10.32614/CRAN.package.ARUtools",NA,NA,NA,NA,NA
"ARpLMEC","Censored Mixed-Effects Models with Different Correlation
Structures","https://cran.r-project.org/web/packages/ARpLMEC/index.html","2.4.1","R (≥ 2.14)","numDeriv, stats, MASS, mnormt, tcltk, expm, relliptical, TruncatedNormal, LaplacesDemon","2022-06-26",NA,"10.32614/CRAN.package.ARpLMEC",NA,NA,NA,NA,NA
"ASGS.foyer","Interface to the Australian Statistical Geography Standard","https://cran.r-project.org/web/packages/ASGS.foyer/index.html","0.3.3","R (≥ 3.4.0)","sp, methods, utils","2023-12-08","testthat, spdep, codetools","10.32614/CRAN.package.ASGS.foyer",NA,NA,NA,NA,NA
"ASML","Algorithm Portfolio Selection with Machine Learning","https://cran.r-project.org/web/packages/ASML/index.html","1.0.0","R (≥ 3.5.0)","caret, ggplot2, dplyr, purrr, tibble, tidyr, reshape2, Polychrome, scales, rlang","2025-02-19","snow","10.32614/CRAN.package.ASML",NA,NA,NA,NA,NA
"ASMap","Linkage Map Construction using the MSTmap Algorithm","https://cran.r-project.org/web/packages/ASMap/index.html","1.0-8","R (≥ 3.0.0), qtl, lattice","fields, RColorBrewer, gtools","2024-11-01","knitr, formatR, digest","10.32614/CRAN.package.ASMap",NA,NA,NA,NA,NA
"ASMbook","Functions for the Book \"Applied Statistical Modeling for
Ecologists\"","https://cran.r-project.org/web/packages/ASMbook/index.html","1.0.2","R (≥ 3.4.0)","coda, lattice, MASS, stats, TMB","2024-07-31","roxygen2","10.32614/CRAN.package.ASMbook",NA,NA,NA,NA,NA
"ASRgenomics","Complementary Genomic Functions","https://cran.r-project.org/web/packages/ASRgenomics/index.html","1.1.5","R (≥ 4.1.0)","AGHmatrix, cowplot, crayon, data.table, ellipse, factoextra, ggplot2, Matrix, methods, scattermore, stats, superheat, utils","2025-08-23","knitr, rmarkdown, spelling, V8, testthat (≥ 3.0.0)","10.32614/CRAN.package.ASRgenomics",NA,NA,NA,NA,NA
"ASSA","Applied Singular Spectrum Analysis (ASSA)","https://cran.r-project.org/web/packages/ASSA/index.html","2.0","R (≥ 3.6.0)","stats","2020-11-20",NA,"10.32614/CRAN.package.ASSA",NA,NA,NA,NA,NA
"ASSISTant","Adaptive Subgroup Selection in Group Sequential Trials","https://cran.r-project.org/web/packages/ASSISTant/index.html","1.4.3",NA,"R6, mvtnorm, knitr, magrittr, dplyr","2022-12-02","rmarkdown","10.32614/CRAN.package.ASSISTant",NA,NA,NA,NA,NA
"AST","Age-Spatial-Temporal Model","https://cran.r-project.org/web/packages/AST/index.html","0.1.0","R (≥ 3.0.0), stats",NA,"2018-08-16",NA,"10.32614/CRAN.package.AST",NA,NA,NA,NA,NA
"ASV","Stochastic Volatility Models with or without Leverage","https://cran.r-project.org/web/packages/ASV/index.html","1.1.4",NA,"Rcpp (≥ 1.0.7), freqdom, stats, graphics","Rcpp, RcppArmadillo, RcppProgress",NA,"2024-02-15",NA,NA,NA,NA,NA
"ATAforecasting","Automatic Time Series Analysis and Forecasting using the Ata
Method","https://cran.r-project.org/web/packages/ATAforecasting/index.html","0.0.60","R (≥ 4.1)","graphics, forecast, Rcpp, Rdpack, seasonal, stats, stlplus, stR, timeSeries, TSA, tseries, utils, xts","Rcpp, RcppArmadillo",NA,"2023-06-12",NA,NA,NA,NA,NA
"ATE.ERROR","Estimating ATE with Misclassified Outcomes and Mismeasured
Covariates","https://cran.r-project.org/web/packages/ATE.ERROR/index.html","1.0.0","R (≥ 2.10)","ggplot2, MASS, mvtnorm, rlang, stats","2024-09-10","knitr, rmarkdown","10.32614/CRAN.package.ATE.ERROR",NA,NA,NA,NA,NA
"ATNr","Run Allometric Trophic Networks Models","https://cran.r-project.org/web/packages/ATNr/index.html","1.1.1","R (≥ 2.14)","Rcpp (≥ 1.0.7), methods, stats, utils, deSolve, R.rsp","rmarkdown, knitr, testthat","Rcpp, RcppArmadillo","2025-04-28",NA,NA,NA,NA,NA
"ATQ","Alert Time Quality - Evaluating Timely Epidemic Metrics","https://cran.r-project.org/web/packages/ATQ/index.html","0.2.3","R (≥ 2.10)","dplyr, purrr, zoo, ggplot2, gridExtra, rlang, scales","2024-08-18","knitr, rmarkdown, cli, fansi, farver, utf8, devtools, testthat (≥ 3.0.0)","10.32614/CRAN.package.ATQ",NA,NA,NA,NA,NA
"ATR","Alternative Tree Representation","https://cran.r-project.org/web/packages/ATR/index.html","0.1-1","grid, partykit","stats","2020-01-09","trtf, mlbench","10.32614/CRAN.package.ATR",NA,NA,NA,NA,NA
"ATbounds","Bounding Treatment Effects by Limited Information Pooling","https://cran.r-project.org/web/packages/ATbounds/index.html","0.1.0","R (≥ 2.10)","stats, mgcv","2021-11-24","knitr, rmarkdown, testthat, ggplot2","10.32614/CRAN.package.ATbounds",NA,NA,NA,NA,NA
"AUC","Threshold Independent Performance Measures for Probabilistic
Classifiers","https://cran.r-project.org/web/packages/AUC/index.html","0.3.2",NA,NA,"2022-04-04",NA,"10.32614/CRAN.package.AUC",NA,NA,NA,NA,NA
"AUtests","Approximate Unconditional and Permutation Tests","https://cran.r-project.org/web/packages/AUtests/index.html","0.99","R (≥ 3.1.2)","logistf","2020-09-03","knitr, markdown","10.32614/CRAN.package.AUtests",NA,NA,NA,NA,NA
"AVGAS","A Variable Selection using Genetic Algorithms","https://cran.r-project.org/web/packages/AVGAS/index.html","0.1.0",NA,"utils, Matrix, pracma, stats, dplyr, selectiveInference, VariableScreening, ggplot2","2023-12-20",NA,"10.32614/CRAN.package.AVGAS",NA,NA,NA,NA,NA
"AWR","'AWS' Java 'SDK' for R","https://cran.r-project.org/web/packages/AWR/index.html","1.11.189-1",NA,"rJava","2021-04-13",NA,"10.32614/CRAN.package.AWR",NA,NA,NA,NA,NA
"AWR.Kinesis","Amazon 'Kinesis' Consumer Application for Stream Processing","https://cran.r-project.org/web/packages/AWR.Kinesis/index.html","1.7.6",NA,"AWR, logger, jsonlite, rJava","2023-08-19",NA,"10.32614/CRAN.package.AWR.Kinesis",NA,NA,NA,NA,NA
"AZIAD","Analyzing Zero-Inflated and Zero-Altered Data","https://cran.r-project.org/web/packages/AZIAD/index.html","0.0.3","R (≥ 4.1.0)","extraDistr (≥ 1.9.1), methods (≥ 4.0.3), foreach (≥ 1.5.2), doParallel (≥ 1.0.16), parallel (≥ 4.1.2), QRM (≥ 0.3-31), stats (≥ 4.1.2), corpcor (≥ 1.6.10), base (≥ 4.1.2), EnvStats (≥ 2.6.0)","2024-05-01","testthat (≥ 3.0.0)","10.32614/CRAN.package.AZIAD",NA,NA,NA,NA,NA
"AalenJohansen","Conditional Aalen-Johansen Estimation","https://cran.r-project.org/web/packages/AalenJohansen/index.html","1.0",NA,NA,"2023-03-01","knitr, rmarkdown","10.32614/CRAN.package.AalenJohansen",NA,NA,NA,NA,NA
"Ac3net","Inferring Directional Conservative Causal Core Gene Networks","https://cran.r-project.org/web/packages/Ac3net/index.html","1.2.2","R (≥ 3.3.0), data.table",NA,"2018-02-26",NA,"10.32614/CRAN.package.Ac3net",NA,NA,NA,NA,NA
"AcademicThemes","Colour Plots with Palettes from Academic Institutions","https://cran.r-project.org/web/packages/AcademicThemes/index.html","0.0.2",NA,"ggplot2, grDevices","2024-02-26","covr, knitr, rmarkdown, scales, testthat (≥ 3.0.0), tidyverse","10.32614/CRAN.package.AcademicThemes",NA,NA,NA,NA,NA
"AccSamplingDesign","Acceptance Sampling Plans Design","https://cran.r-project.org/web/packages/AccSamplingDesign/index.html","0.0.6",NA,"stats, methods","2025-07-18","knitr, rmarkdown","10.32614/CRAN.package.AccSamplingDesign",NA,NA,NA,NA,NA
"AccelStab","Accelerated Stability Kinetic Modelling","https://cran.r-project.org/web/packages/AccelStab/index.html","2.3.2","R (≥ 4.1.0)","dplyr, ggplot2, minpack.lm, stats, scales","2025-08-21","testthat (≥ 3.0.0), knitr, rmarkdown, lifecycle","10.32614/CRAN.package.AccelStab",NA,NA,NA,NA,NA
"AcceptReject","Acceptance-Rejection Method for Generating Pseudo-Random
Observations","https://cran.r-project.org/web/packages/AcceptReject/index.html","0.1.2",NA,"assertthat, cli, ggplot2, glue, numDeriv, purrr, Rcpp, rlang, scales, scattermore","knitr, rmarkdown, cowplot, tictoc, testthat (≥ 3.0.0)","Rcpp, RcppArmadillo","2024-05-07",NA,NA,NA,NA,NA
"AcceptanceSampling","Creation and Evaluation of Acceptance Sampling Plans","https://cran.r-project.org/web/packages/AcceptanceSampling/index.html","1.0.11","methods, R (≥ 2.4.0), stats","graphics, utils","2025-07-23",NA,"10.32614/CRAN.package.AcceptanceSampling",NA,NA,NA,NA,NA
"Achilles","Achilles Data Source Characterization","https://cran.r-project.org/web/packages/Achilles/index.html","1.7.2","DatabaseConnector (≥ 2.0.0), R (≥ 4.0.0)","SqlRender (≥ 1.6.0), dplyr, jsonlite, ParallelLogger, readr, data.table, lubridate, tseries, rlang","2023-05-11","DT, magrittr, tidyr, knitr, rmarkdown, testthat (≥ 3.0.0), withr","10.32614/CRAN.package.Achilles",NA,NA,NA,NA,NA
"ActCR","Extract Circadian Rhythms Metrics from Actigraphy Data","https://cran.r-project.org/web/packages/ActCR/index.html","0.3.0","R (≥ 3.5.0)","zoo, cosinor, cosinor2, dplyr, minpack.lm","2022-05-11",NA,"10.32614/CRAN.package.ActCR",NA,NA,NA,NA,NA
"ActFrag","Activity Fragmentation Metrics Extracted from Minute Level
Activity Data","https://cran.r-project.org/web/packages/ActFrag/index.html","0.1.1","R (≥ 3.5.0)","accelerometry, dplyr, ineq, survival, stats, tidyr","2020-02-11","knitr, rmarkdown, testthat","10.32614/CRAN.package.ActFrag",NA,NA,NA,NA,NA
"ActiSleep","Sleep Duration Estimate Algorithm","https://cran.r-project.org/web/packages/ActiSleep/index.html","0.2.2","R (≥ 3.5)","dplyr, stringr, lubridate, accelerometry, DBI, RSQLite, lazyeval, methods, utils, tibble","2024-06-19",NA,"10.32614/CRAN.package.ActiSleep",NA,NA,NA,NA,NA
"ActiveDriver","Finding Cancer Driver Proteins with Enriched Mutations in
Post-Translational Modification Sites","https://cran.r-project.org/web/packages/ActiveDriver/index.html","1.0.0","R (≥ 3.0)","stats, parallel, MASS","2017-08-23",NA,"10.32614/CRAN.package.ActiveDriver",NA,NA,NA,NA,NA
"ActivePathways","Integrative Pathway Enrichment Analysis of Multivariate Omics
Data","https://cran.r-project.org/web/packages/ActivePathways/index.html","2.0.6","R (≥ 3.6)","data.table, ggplot2","2025-07-11","testthat, knitr, rmarkdown, RColorBrewer","10.32614/CRAN.package.ActivePathways",NA,NA,NA,NA,NA
"ActivityIndex","Activity Index Calculation using Raw 'Accelerometry' Data","https://cran.r-project.org/web/packages/ActivityIndex/index.html","0.3.7","R (≥ 2.10)","matrixStats, data.table, utils, R.utils","2021-01-11","knitr, testthat, graphics, rmarkdown","10.32614/CRAN.package.ActivityIndex",NA,NA,NA,NA,NA
"ActuarialM","Computation of Actuarial Measures Using Bell G Family","https://cran.r-project.org/web/packages/ActuarialM/index.html","0.1.0","R (≥ 2.0)","stats","2023-05-15",NA,"10.32614/CRAN.package.ActuarialM",NA,NA,NA,NA,NA
"AcuityView","A Package for Displaying Visual Scenes as They May Appear to an
Animal with Lower Acuity","https://cran.r-project.org/web/packages/AcuityView/index.html","0.1","R (≥ 3.0.0)","imager (≥ 0.40.1), fftwtools (≥ 0.9-7), plotrix (≥ 3.2.3), tools, grid, grDevices, graphics","2017-05-09",NA,"10.32614/CRAN.package.AcuityView",NA,NA,NA,NA,NA
"AdIsMF","Adsorption Isotherm Model Fitting","https://cran.r-project.org/web/packages/AdIsMF/index.html","0.1.1",NA,"AICcmodavg, ggplot2, nls2, stats","2025-08-19",NA,"10.32614/CRAN.package.AdIsMF",NA,NA,NA,NA,NA
"AdMit","Adaptive Mixture of Student-t Distributions","https://cran.r-project.org/web/packages/AdMit/index.html","2.1.9","mvtnorm",NA,"2022-02-08","coda","10.32614/CRAN.package.AdMit",NA,NA,NA,NA,NA
"AdaSampling","Adaptive Sampling for Positive Unlabeled and Label Noise
Learning","https://cran.r-project.org/web/packages/AdaSampling/index.html","1.3","R (≥ 3.4.0)","caret (≥ 6.0-78) , class (≥ 7.3-14), e1071 (≥ 1.6-8), stats, MASS","2019-05-21","knitr, rmarkdown","10.32614/CRAN.package.AdaSampling",NA,NA,NA,NA,NA
"AdapDiscom","Adaptive Sparse Regression for Block Missing Multimodal Data","https://cran.r-project.org/web/packages/AdapDiscom/index.html","1.0.0","R (≥ 3.5.0)","softImpute, Matrix, scout, robustbase","2025-08-27","knitr, rmarkdown, MASS","10.32614/CRAN.package.AdapDiscom",NA,NA,NA,NA,NA
"AdapSamp","Adaptive Sampling Algorithms","https://cran.r-project.org/web/packages/AdapSamp/index.html","1.1.1",NA,"pracma, stats","2018-03-21",NA,"10.32614/CRAN.package.AdapSamp",NA,NA,NA,NA,NA
"AdaptGauss","Gaussian Mixture Models (GMM)","https://cran.r-project.org/web/packages/AdaptGauss/index.html","1.6","R (≥ 2.10)","Rcpp, shiny, pracma, methods, DataVisualizations, plotly","mclust, grid, foreach, dqrng, parallelDist, knitr (≥ 1.12), rmarkdown (≥ 0.9), reshape2, ggplot2","Rcpp","2024-02-02",NA,NA,NA,NA,NA
"AdequacyModel","Adequacy of Probabilistic Models and General Purpose
Optimization","https://cran.r-project.org/web/packages/AdequacyModel/index.html","2.0.0",NA,"methods, stats, graphics","2016-05-20",NA,"10.32614/CRAN.package.AdequacyModel",NA,NA,NA,NA,NA
"AdhereR","Adherence to Medications","https://cran.r-project.org/web/packages/AdhereR/index.html","0.8.1","R (≥ 3.0)","lubridate (≥ 1.5), parallel (≥ 3.0), data.table (≥ 1.9), rsvg (≥ 1.3), jpeg (≥ 0.1), png (≥ 0.1), webp (≥ 1.0), methods","2022-07-05","rmarkdown (≥ 1.1), knitr (≥ 1.20), R.rsp (≥ 0.40), base64 (≥ 2.0), viridisLite (≥ 0.4), AdhereRViz (≥ 0.2)","10.32614/CRAN.package.AdhereR",NA,NA,NA,NA,NA
"AdhereRViz","Adherence to Medications","https://cran.r-project.org/web/packages/AdhereRViz/index.html","0.2.1","R (≥ 3.0)","AdhereR (≥ 0.7.1), data.table (≥ 1.9), manipulate (≥ 1.0), shiny (≥ 1.0), shinyWidgets (≥ 0.4.4), shinyjs (≥ 1.0), V8 (≥ 1.5), colourpicker (≥ 1.0), viridisLite (≥ 0.3), highlight (≥ 0.4), clipr (≥ 0.4), knitr (≥ 1.20), DBI (≥ 1.0), RMariaDB (≥ 1.0.5), RSQLite (≥ 2.1)","2022-06-24","rmarkdown (≥ 1.1), readODS (≥ 1.6), readxl (≥ 1.2), haven (≥ 2.0), R.rsp (≥ 0.40)","10.32614/CRAN.package.AdhereRViz",NA,NA,NA,NA,NA
"AdsorpR","Adsorption Isotherm Models","https://cran.r-project.org/web/packages/AdsorpR/index.html","0.1.0",NA,"ggplot2, stats","2025-04-09","testthat, knitr, rmarkdown","10.32614/CRAN.package.AdsorpR",NA,NA,NA,NA,NA
"AdvBinomApps","Upper Clopper-Pearson Confidence Limits for Burn-in Studies
under Additional Available Information","https://cran.r-project.org/web/packages/AdvBinomApps/index.html","1.0","GenBinomApps, rootSolve",NA,"2016-04-07",NA,"10.32614/CRAN.package.AdvBinomApps",NA,NA,NA,NA,NA
"AdvDif4","Solving 1D Advection Bi-Flux Diffusion Equation","https://cran.r-project.org/web/packages/AdvDif4/index.html","0.7.18",NA,NA,"2019-07-21",NA,"10.32614/CRAN.package.AdvDif4",NA,NA,NA,NA,NA
"AdvancedBasketballStats","Advanced Basketball Statistics","https://cran.r-project.org/web/packages/AdvancedBasketballStats/index.html","1.0.1",NA,NA,"2021-04-06","knitr, rmarkdown","10.32614/CRAN.package.AdvancedBasketballStats",NA,NA,NA,NA,NA
"AdverseEvents","'shiny' Application for Adverse Event Analysis of 'OnCore' Data","https://cran.r-project.org/web/packages/AdverseEvents/index.html","0.0.4",NA,"shiny, shinycssloaders, shinyjs, tidyverse, rio, janitor, DT, skimr, ggpubr, ggnewscale, survival, survminer, ggplot2, shinythemes, ggrepel, lubridate","2024-11-20","knitr, rmarkdown","10.32614/CRAN.package.AdverseEvents",NA,NA,NA,NA,NA
"AeRobiology","A Computational Tool for Aerobiological Data","https://cran.r-project.org/web/packages/AeRobiology/index.html","2.0.1","R (≥ 2.10)","dplyr, writexl, ggvis, lubridate, plotly, ggplot2, tidyr, circular, scales, grDevices, zoo, grid, data.table","2019-06-03","testthat, knitr, rmarkdown","10.32614/CRAN.package.AeRobiology",NA,NA,NA,NA,NA
"AeroSampleR","Estimate Aerosol Particle Collection Through Sample Lines","https://cran.r-project.org/web/packages/AeroSampleR/index.html","0.2.0","R (≥ 3.4)","dplyr, purrr, tidyr, ggplot2, ggthemes, stringr, tidyselect, flextable","2023-01-05","knitr, rmarkdown","10.32614/CRAN.package.AeroSampleR",NA,NA,NA,NA,NA
"AgeBandDecomposition","Age Band Decomposition Method for Tree Ring Standardization","https://cran.r-project.org/web/packages/AgeBandDecomposition/index.html","1.0.1","R (≥ 4.1.0)","dplyr, tidyr, tibble, readxl, ggplot2, patchwork","2025-07-28","testthat (≥ 3.0.0)","10.32614/CRAN.package.AgeBandDecomposition",NA,NA,NA,NA,NA
"AgePopDenom","Model Fine-Scale Age-Structured Population Data using
Open-Source Data","https://cran.r-project.org/web/packages/AgePopDenom/index.html","1.2.3","R (≥ 4.1.0)","dplyr, cli, glue, terra, sf, here, ggplot2, stringr, rlang, tidyr, utils, stats, base, rdhs, TMB, curl, gstat, haven, crayon, purrr, countrycode, parallel","2025-07-23","sp, tibble, rstudioapi, graphics, methods, future, future.apply, pbmcapply, knitr, httr, scales, rmarkdown, exactextractr, pdist, numDeriv, openxlsx2, matrixStats, testthat, RcppEigen","10.32614/CRAN.package.AgePopDenom",NA,NA,NA,NA,NA
"AggregateR","Aggregate Numeric, Date and Categorical Variables","https://cran.r-project.org/web/packages/AggregateR/index.html","0.1.1",NA,"stats, utils, methods, data.table, tibble, NCmisc","2020-11-20",NA,"10.32614/CRAN.package.AggregateR",NA,NA,NA,NA,NA
"AgreementInterval","Agreement Interval of Two Measurement Methods","https://cran.r-project.org/web/packages/AgreementInterval/index.html","0.1.1","R (≥ 3.5.0), psych",NA,"2018-10-25","testthat, MASS, Matrix, lme4","10.32614/CRAN.package.AgreementInterval",NA,NA,NA,NA,NA
"AgroR","Experimental Statistics and Graphics for Agricultural Sciences","https://cran.r-project.org/web/packages/AgroR/index.html","1.3.7","R (≥ 3.6.0)","knitr, ggplot2, nortest, lme4, crayon, lmtest, emmeans, multcomp, ggrepel, MASS, cowplot, multcompView, RColorBrewer, drc, dunn.test, gtools, gridExtra","2025-07-02","rmarkdown, roxygen2","10.32614/CRAN.package.AgroR",NA,NA,NA,NA,NA
"AgroReg","Regression Analysis Linear and Nonlinear for Agriculture","https://cran.r-project.org/web/packages/AgroReg/index.html","1.2.11","R (≥ 3.6)","drc, ggplot2, boot, minpack.lm, dplyr, rcompanion, broom, egg, purrr","2025-07-01",NA,"10.32614/CRAN.package.AgroReg",NA,NA,NA,NA,NA
"AgroTech","Data Analysis of Pesticide Application Technology","https://cran.r-project.org/web/packages/AgroTech/index.html","1.0.2","R (≥ 3.6)","ggplot2, gridExtra, xlsx, readxl, ggrepel, stats, nortest, lmtest, crayon, utils","2022-09-14",NA,"10.32614/CRAN.package.AgroTech",NA,NA,NA,NA,NA
"AhoCorasickTrie","Fast Searching for Multiple Keywords in Multiple Texts","https://cran.r-project.org/web/packages/AhoCorasickTrie/index.html","0.1.3",NA,"Rcpp (≥ 0.12.5)","microbenchmark, testthat","Rcpp","2025-02-05",NA,NA,NA,NA,NA
"AiES","Axon Integrity Evaluation System for Microscopy Images","https://cran.r-project.org/web/packages/AiES/index.html","0.99.6",NA,"EBImage, e1071, stats, fs, data.table","2025-06-06","utils, stringr, colorspace, dplyr, knitr, tcltk, rstudioapi, svDialogs","10.32614/CRAN.package.AiES",NA,NA,NA,NA,NA
"AirExposure","Exposure Model to Air Pollutants Based on Mobility and Daily
Activities","https://cran.r-project.org/web/packages/AirExposure/index.html","1.0","R (≥ 4.1.1)","dplyr, htmltools, httr, jsonlite, leaflet, htmlwidgets, lubridate, sf","2024-08-29",NA,"10.32614/CRAN.package.AirExposure",NA,NA,NA,NA,NA
"AirMonitor","Air Quality Data Analysis","https://cran.r-project.org/web/packages/AirMonitor/index.html","0.4.3","R (≥ 4.0.0)","dplyr, dygraphs, leaflet, lubridate, magrittr, MazamaCoreUtils (≥ 0.5.3), MazamaRollUtils (≥ 0.1.4), MazamaTimeSeries (≥
0.3.1), readr, rlang (≥ 1.0.0), stringr, tidyselect, xts","2025-05-19","knitr, markdown, testthat, rmarkdown, roxygen2","10.32614/CRAN.package.AirMonitor",NA,NA,NA,NA,NA
"AirScreen","Feature Screening via Adaptive Iterative Ridge (Air-HOLP and
Air-OLS)","https://cran.r-project.org/web/packages/AirScreen/index.html","0.1.0",NA,"stats","2025-07-31","testthat (≥ 3.0.0)","10.32614/CRAN.package.AirScreen",NA,NA,NA,NA,NA
"AirportProblems","Analysis of Cost Allocation for Airport Problems","https://cran.r-project.org/web/packages/AirportProblems/index.html","0.1.0","R (≥ 3.5)","graphics, grDevices, magrittr, plotly, stats, utils","2025-05-05","rmarkdown","10.32614/CRAN.package.AirportProblems",NA,NA,NA,NA,NA
"Ake","Associated Kernel Estimations","https://cran.r-project.org/web/packages/Ake/index.html","1.0.2",NA,NA,"2025-07-02",NA,"10.32614/CRAN.package.Ake",NA,NA,NA,NA,NA
"AlgDesign","Algorithmic Experimental Design","https://cran.r-project.org/web/packages/AlgDesign/index.html","1.2.1.2",NA,NA,"2025-04-06",NA,"10.32614/CRAN.package.AlgDesign",NA,NA,NA,NA,NA
"AlgebraicHaploPackage","Haplotype Two Snips Out of a Paired Group of Patients","https://cran.r-project.org/web/packages/AlgebraicHaploPackage/index.html","1.2","R (≥ 3.1.3)",NA,"2015-10-31","compiler","10.32614/CRAN.package.AlgebraicHaploPackage",NA,NA,NA,NA,NA
"AlignLV","Multiple Group Item Response Theory Alignment Helpers for
'lavaan' and 'mirt'","https://cran.r-project.org/web/packages/AlignLV/index.html","0.1.0.0",NA,"abind, mirt, lavaan, magrittr, purrr, stats, dplyr, tibble, tidyr, rlang","2024-10-04","doRNG, doParallel, foreach, testthat (≥ 3.0.0)","10.32614/CRAN.package.AlignLV",NA,NA,NA,NA,NA
"AllMetrics","Calculating Multiple Performance Metrics of a Prediction Model","https://cran.r-project.org/web/packages/AllMetrics/index.html","0.2.1",NA,NA,"2024-03-12",NA,"10.32614/CRAN.package.AllMetrics",NA,NA,NA,NA,NA
"AlleleRetain","Allele Retention, Inbreeding, and Demography","https://cran.r-project.org/web/packages/AlleleRetain/index.html","2.0.2","R (≥ 3.4.0)",NA,"2018-01-11","pedigree","10.32614/CRAN.package.AlleleRetain",NA,NA,NA,NA,NA
"AlleleShift","Predict and Visualize Population-Level Changes in Allele
Frequencies in Response to Climate Change","https://cran.r-project.org/web/packages/AlleleShift/index.html","1.1-2","R (≥ 4.1.0)","vegan (≥ 2.6-4), BiodiversityR (≥ 2.15-4), adegenet","2023-10-28","poppr, mgcv, dplyr, ggplot2, GGally, ggforce, ggrepel, ggsci, gggibbous, gganimate, patchwork","10.32614/CRAN.package.AlleleShift",NA,NA,NA,NA,NA
"AllelicSeries","Allelic Series Test","https://cran.r-project.org/web/packages/AllelicSeries/index.html","0.1.1.5",NA,"CompQuadForm, glue, methods, Rcpp, RNOmni, SKAT","knitr, rmarkdown, testthat (≥ 3.0.0), withr","Rcpp, RcppArmadillo","2025-04-02",NA,NA,NA,NA,NA
"Allspice","RNA-Seq Profile Classifier","https://cran.r-project.org/web/packages/Allspice/index.html","1.0.7",NA,"methods","2023-01-20","knitr, rmarkdown","10.32614/CRAN.package.Allspice",NA,NA,NA,NA,NA
"AlphaPart","Partition/Decomposition of Breeding Values by Paths of
Information","https://cran.r-project.org/web/packages/AlphaPart/index.html","0.9.8","R (≥ 3.5.0)","directlabels (≥ 1.1), ggplot2 (≥ 0.8.9), pedigree (≥
1.3.1), Rcpp (≥ 0.9.4), methods (≥ 3.6.2), reshape, dplyr, magrittr, tibble (≥ 3.1.7)","RColorBrewer (≥ 1.0-2), truncnorm (≥ 1.0-5), knitr, rmarkdown, testthat (≥ 3.0.0), covr, ggridges (≥ 0.5.3)","Rcpp","2022-11-15",NA,NA,NA,NA,NA
"AlphaSimR","Breeding Program Simulations","https://cran.r-project.org/web/packages/AlphaSimR/index.html","2.0.0","R (≥ 4.0.0), methods, R6","Rcpp (≥ 0.12.7), Rdpack","knitr, rmarkdown, testthat","Rcpp, RcppArmadillo (≥ 0.7.500.0.0), BH","2025-09-01",NA,NA,NA,NA,NA
"AlteredPQR","Detection of Altered Protein Quantitative Relationships","https://cran.r-project.org/web/packages/AlteredPQR/index.html","0.1.0","R (≥ 3.5.0)",NA,"2023-06-10","tools","10.32614/CRAN.package.AlteredPQR",NA,NA,NA,NA,NA
"Amelia","A Program for Missing Data","https://cran.r-project.org/web/packages/Amelia/index.html","1.8.3","R (≥ 3.0.2), Rcpp (≥ 0.11)","foreign, utils, grDevices, graphics, methods, stats, rlang","tcltk, broom, rmarkdown, knitr","Rcpp (≥ 0.11), RcppArmadillo","2024-11-08",NA,NA,NA,NA,NA
"AmesHousing","The Ames Iowa Housing Data","https://cran.r-project.org/web/packages/AmesHousing/index.html","0.0.4","R (≥ 2.10)","dplyr, magrittr","2020-06-23","covr","10.32614/CRAN.package.AmesHousing",NA,NA,NA,NA,NA
"AmigaFFH","Commodore Amiga File Format Handler","https://cran.r-project.org/web/packages/AmigaFFH/index.html","0.4.7","R (≥ 2.10), tuneR (≥ 1.0)","grDevices, methods, utils, vctrs","2025-01-08","adfExplorer (≥ 2.0.0), ProTrackR (≥ 0.3.4), testthat (≥
3.0.0)","10.32614/CRAN.package.AmigaFFH",NA,NA,NA,NA,NA
"AmmoniaConcentration","Un-Ionized Ammonia Concentration","https://cran.r-project.org/web/packages/AmmoniaConcentration/index.html","0.1",NA,NA,"2016-12-05",NA,"10.32614/CRAN.package.AmmoniaConcentration",NA,NA,NA,NA,NA
"AmoudSurv","Tractable Parametric Odds-Based Regression Models","https://cran.r-project.org/web/packages/AmoudSurv/index.html","0.1.0","R (≥ 2.10)","AHSurv, flexsurv, pracma, stats, stats4","2022-09-08",NA,"10.32614/CRAN.package.AmoudSurv",NA,NA,NA,NA,NA
"AmpGram","Prediction of Antimicrobial Peptides","https://cran.r-project.org/web/packages/AmpGram/index.html","1.0","R (≥ 3.5.0)","biogram, devtools, pbapply, ranger, shiny, stringi","2020-05-31","DT, ggplot2, pander, rmarkdown, shinythemes, spelling","10.32614/CRAN.package.AmpGram",NA,NA,NA,NA,NA
"AmpliconDuo","Statistical Analysis of Amplicon Data of the Same Sample to
Identify Artefacts","https://cran.r-project.org/web/packages/AmpliconDuo/index.html","1.1.1","R (≥ 2.10), stats, ggplot2, xtable",NA,"2020-05-25",NA,"10.32614/CRAN.package.AmpliconDuo",NA,NA,NA,NA,NA
"AmyloGram","Prediction of Amyloid Proteins","https://cran.r-project.org/web/packages/AmyloGram/index.html","1.1","R (≥ 3.0.0)","biogram, ranger, seqinr, shiny","2017-10-11",NA,"10.32614/CRAN.package.AmyloGram",NA,NA,NA,NA,NA
"AnaCoDa","Analysis of Codon Data under Stationarity using a Bayesian
Framework","https://cran.r-project.org/web/packages/AnaCoDa/index.html","0.1.4.4","R (≥ 3.3.0), Rcpp (≥ 0.11.3), VGAM, methods, mvtnorm",NA,"knitr, Hmisc, coda, testthat, lmodel2, markdown","Rcpp","2020-09-15",NA,NA,NA,NA,NA
"Anaconda","Targeted Differential and Global Enrichment Analysis of
Taxonomic Rank by Shared Asvs","https://cran.r-project.org/web/packages/Anaconda/index.html","0.1.5","ape, DESeq2, ggplot2","ggrepel, pheatmap, lookup, plyr, data.table, rafalib, RColorBrewer, methods, graphics","2022-10-14",NA,"10.32614/CRAN.package.Anaconda",NA,NA,NA,NA,NA
"Analitica","Exploratory Data Analysis, Group Comparison Tools, and Other
Procedures","https://cran.r-project.org/web/packages/Analitica/index.html","1.8.5","R (≥ 4.4)","ggplot2, dplyr, tidyr, ggridges, patchwork, moments, magrittr, rlang, tidyselect, multcompView","2025-06-27","knitr, rmarkdown, testthat (≥ 3.0.0)","10.32614/CRAN.package.Analitica",NA,NA,NA,NA,NA
"AnalysisLin","Exploratory Data Analysis","https://cran.r-project.org/web/packages/AnalysisLin/index.html","0.1.2",NA,"Hmisc, ggplot2, plotly, stats, caret, htmltools, DT, magrittr, RANN","2024-01-30","knitr, rmarkdown","10.32614/CRAN.package.AnalysisLin",NA,NA,NA,NA,NA
"AnalyzeFMRI","Functions for Analysis of fMRI Datasets Stored in the ANALYZE or
'NIFTI' Format","https://cran.r-project.org/web/packages/AnalyzeFMRI/index.html","1.1-25","R (≥ 4.4.0), R.matlab, fastICA, tcltk",NA,"2025-07-24","tkrplot","10.32614/CRAN.package.AnalyzeFMRI",NA,NA,NA,NA,NA
"AnanseSeurat","Construct ANANSE GRN-Analysis Seurat","https://cran.r-project.org/web/packages/AnanseSeurat/index.html","1.2.0","R (≥ 3.50)","dplyr, ggplot2, ggpubr, magrittr, patchwork, png, purrr, rlang, Seurat, stringr, utils","2023-11-11","covr, knitr, rmarkdown, Signac, testthat (≥ 3.0.0)","10.32614/CRAN.package.AnanseSeurat",NA,NA,NA,NA,NA
"AncReg","Ancestor Regression","https://cran.r-project.org/web/packages/AncReg/index.html","1.0.1",NA,"tsutils, Rdpack, methods","2025-07-16","pcalg, MASS, igraph, testthat (≥ 3.0.0)","10.32614/CRAN.package.AncReg",NA,NA,NA,NA,NA
"AncestryMapper","Assigning Ancestry Based on Population References","https://cran.r-project.org/web/packages/AncestryMapper/index.html","2.0","R (≥ 2.10)","svd (≥ 0.3.3-2), parallel (≥ 3.2.1), grDevices, graphics, stats, utils","2016-09-28","knitr","10.32614/CRAN.package.AncestryMapper",NA,NA,NA,NA,NA
"AnchorRegression","Perform AnchorRegression","https://cran.r-project.org/web/packages/AnchorRegression/index.html","0.1.3","R (≥ 2.0.0)","glmnet (≥ 1.4), selectiveInference (≥ 1.0.0), mgcv (≥ 1.0)","2021-01-06","knitr, rmarkdown, testthat","10.32614/CRAN.package.AnchorRegression",NA,NA,NA,NA,NA
"Andromeda","Asynchronous Disk-Based Representation of Massive Data","https://cran.r-project.org/web/packages/Andromeda/index.html","1.1.1","dplyr","DBI, zip, methods, dbplyr, tidyselect, cli, rlang, pillar, duckdb (≥ 1.3.0)","2025-08-22","testthat, stringr, knitr, rmarkdown, tibble, rJava, rcmdcheck","10.32614/CRAN.package.Andromeda",NA,NA,NA,NA,NA
"AnglerCreelSurveySimulation","Simulate a Bus Route Creel Survey of Anglers","https://cran.r-project.org/web/packages/AnglerCreelSurveySimulation/index.html","1.0.3","R (≥ 3.0.2)","stats, dplyr, ggplot2","2024-05-14","knitr, rmarkdown, testthat","10.32614/CRAN.package.AnglerCreelSurveySimulation",NA,NA,NA,NA,NA
"AnimalHabitatNetwork","Networks Characterising the Physical Configurations of Animal
Habitats","https://cran.r-project.org/web/packages/AnimalHabitatNetwork/index.html","0.1.0",NA,"stats, igraph (≥ 1.2.4.1), ggplot2 (≥ 3.2.0)","2019-11-25",NA,"10.32614/CRAN.package.AnimalHabitatNetwork",NA,NA,NA,NA,NA
"AnimalSequences","Analyse Animal Sequential Behaviour and Communication","https://cran.r-project.org/web/packages/AnimalSequences/index.html","0.2.0","R (≥ 4.0.0)","stringr, dplyr, tidytext, ggplot2, fpc, mclust, kernlab, dbscan, apcluster, tidyr, tibble, stats, rlang, igraph, ggraph, magrittr, naivebayes, ranger","2024-09-23","testthat (≥ 3.0.0), knitr, rmarkdown","10.32614/CRAN.package.AnimalSequences",NA,NA,NA,NA,NA
"AnnoProbe","Annotate the Gene Symbols for Probes in Expression Array","https://cran.r-project.org/web/packages/AnnoProbe/index.html","0.1.7","R (≥ 3.4.0)","ggplot2, DT, ggpubr, pheatmap, utils, methods, Biobase, stats, xml2, httr, curl","2022-11-14","limma, GEOquery, knitr, rmarkdown","10.32614/CRAN.package.AnnoProbe",NA,NA,NA,NA,NA
"AnnotationBustR","Extract Subsequences from GenBank Annotations","https://cran.r-project.org/web/packages/AnnotationBustR/index.html","1.3.0","R (≥ 3.4)","ape (≥ 4.1), seqinr (≥ 3.3-6)","2020-09-24","knitr, rmarkdown, testthat","10.32614/CRAN.package.AnnotationBustR",NA,NA,NA,NA,NA
"AnnuityRIR","Annuity Random Interest Rates","https://cran.r-project.org/web/packages/AnnuityRIR/index.html","1.0-0","R (≥ 3.2.5), mc2d","tseries, EnvStats, fitdistrplus, actuar, stats","2017-11-03","MASS","10.32614/CRAN.package.AnnuityRIR",NA,NA,NA,NA,NA
"AnomalyScore","Anomaly Scoring for Multivariate Time Series","https://cran.r-project.org/web/packages/AnomalyScore/index.html","0.1",NA,"dtw, class, astsa, transport, marima, TSA, RANN, MASS, mvLSW, stats","2024-11-21",NA,"10.32614/CRAN.package.AnomalyScore",NA,NA,NA,NA,NA
"AntAngioCOOL","Anti-Angiogenic Peptide Prediction","https://cran.r-project.org/web/packages/AntAngioCOOL/index.html","1.2","caret, rJava, RWeka, rpart, R (≥ 2.10.0)",NA,"2016-08-01",NA,"10.32614/CRAN.package.AntAngioCOOL",NA,NA,NA,NA,NA
"AnthropMMD","An R Package for the Mean Measure of Divergence (MMD)","https://cran.r-project.org/web/packages/AnthropMMD/index.html","4.0.3","R (≥ 4.1.0)","dplyr, MASS, plotrix, rlang, scatterplot3d, shiny, smacof","2023-11-29","cluster, covr, knitr, rmarkdown, testthat (≥ 2.1.0)","10.32614/CRAN.package.AnthropMMD",NA,NA,NA,NA,NA
"Anthropometry","Statistical Methods for Anthropometric Data","https://cran.r-project.org/web/packages/Anthropometry/index.html","1.20","R (≥ 3.5.0)","shapes, rgl, archetypes, nnls, ddalpha, FNN, ICGE, cluster, biclust","2025-07-23","knitr, calibrate, mvtnorm, RColorBrewer, plotrix, abind","10.32614/CRAN.package.Anthropometry",NA,NA,NA,NA,NA
"AntibodyForests","Delineating Inter- And Intra-Antibody Repertoire Evolution","https://cran.r-project.org/web/packages/AntibodyForests/index.html","1.1.0","R (≥ 4.0.0)","ape, Biostrings, dplyr, graphics, grDevices, gtools, igraph, magrittr, parallel, pwalign, rlang, scales, seqinr, stats, stringdist, stringr, tidyr, utils, viridis","2025-07-17","alakazam, base64enc, bio3d, combinat, devtools, DT, fpc, ggplot2, ggrepel, ggsignif, htmltools, knitr, msa, phangorn, pheatmap, philentropy, Peptides, Rcompadre, rmarkdown, RPANDA, swipeR","10.32614/CRAN.package.AntibodyForests",NA,NA,NA,NA,NA
"AntibodyTiters","Antibody Titer Analysis of Vaccinated Patients","https://cran.r-project.org/web/packages/AntibodyTiters/index.html","0.1.24","openxlsx (≥ 4.2.4), R (≥ 3.3.0), DescTools (≥ 0.99.43)",NA,"2022-05-24",NA,"10.32614/CRAN.package.AntibodyTiters",NA,NA,NA,NA,NA
"AnxietySleep","Sleep Quality and Anxiety in Confinement","https://cran.r-project.org/web/packages/AnxietySleep/index.html","0.0.1","R (≥ 3.1.0)","data.table (≥ 1.14.2), lifecycle","2022-12-12",NA,"10.32614/CRAN.package.AnxietySleep",NA,NA,NA,NA,NA
"Aoptbdtvc","A-Optimal Block Designs for Comparing Test Treatments with
Controls","https://cran.r-project.org/web/packages/Aoptbdtvc/index.html","0.0.3","R (≥ 3.4.0), lpSolve, MASS",NA,"2024-01-29",NA,"10.32614/CRAN.package.Aoptbdtvc",NA,NA,NA,NA,NA
"AovBay","Classic, Nonparametric and Bayesian One-Way Analysis of Variance
Panel","https://cran.r-project.org/web/packages/AovBay/index.html","0.1.0","R (≥ 3.4.0)","methods, DT, shiny, shinydashboardPlus, shinydashboard, Rcpp (≥ 0.12.0), RcppParallel (≥ 5.0.1), rstan (≥ 2.18.1), rstantools (≥ 2.1.1), dplyr, tibble, BayesFactor, broom, car, highcharter, moments, reshape, nortest, purrr, shinycssloaders, stringr, waiter, htmltools","BH (≥ 1.66.0), Rcpp (≥ 0.12.0), RcppEigen (≥ 0.3.3.3.0), RcppParallel (≥ 5.0.1), rstan (≥ 2.18.1), StanHeaders (≥
2.18.0)",NA,"2021-07-22",NA,NA,NA,NA,NA
"ApacheLogProcessor","Process the Apache Web Server Log Files","https://cran.r-project.org/web/packages/ApacheLogProcessor/index.html","0.2.3",NA,"foreach, parallel, doParallel, utils, stringr","2018-07-19",NA,"10.32614/CRAN.package.ApacheLogProcessor",NA,NA,NA,NA,NA
"Apoderoides","Prioritize and Delete Erroneous Taxa in a Large Phylogenetic
Tree","https://cran.r-project.org/web/packages/Apoderoides/index.html","3.0.1","R (≥ 3.5.0)","ape, Rcpp, RcppProgress","knitr, rmarkdown","Rcpp, RcppProgress","2025-05-09",NA,NA,NA,NA,NA
"AppliedPredictiveModeling","Functions and Data Sets for 'Applied Predictive Modeling'","https://cran.r-project.org/web/packages/AppliedPredictiveModeling/index.html","1.1-7","R (≥ 2.10)","CORElearn, MASS, plyr, reshape2, lattice, ellipse","2018-05-22","caret (≥ 6.0-22)","10.32614/CRAN.package.AppliedPredictiveModeling",NA,NA,NA,NA,NA
"ApplyPolygenicScore","Utilities for the Application of a Polygenic Score to a VCF","https://cran.r-project.org/web/packages/ApplyPolygenicScore/index.html","4.0.0","R (≥ 4.2.0)","vcfR, pROC, data.table, BoutrosLab.plotting.general, lattice","2025-08-20","knitr, rmarkdown, scales, testthat (≥ 3.0.0)","10.32614/CRAN.package.ApplyPolygenicScore",NA,NA,NA,NA,NA
"AquaAnalytix","Water Quality Analysis","https://cran.r-project.org/web/packages/AquaAnalytix/index.html","0.1.0",NA,NA,"2024-09-11",NA,"10.32614/CRAN.package.AquaAnalytix",NA,NA,NA,NA,NA
"AquaBEHER","Estimation and Prediction of Wet Season Calendar and Soil Water
Balance for Agriculture","https://cran.r-project.org/web/packages/AquaBEHER/index.html","1.4.0","R (≥ 3.5.0)","dplyr, lubridate, magrittr, rlang, sp, terra, zoo","2024-09-24","ggplot2, ggrepel, knitr, learnr, prettydoc, rmarkdown, scales, stringr, testthat (≥ 3.0.0)","10.32614/CRAN.package.AquaBEHER",NA,NA,NA,NA,NA
"AquaEnv","Integrated Development Toolbox for Aquatic Chemical Model
Generation","https://cran.r-project.org/web/packages/AquaEnv/index.html","1.0-4","R (≥ 2.15.0)","minpack.lm, graphics, grDevices, stats","2016-09-06","deSolve","10.32614/CRAN.package.AquaEnv",NA,NA,NA,NA,NA
"AquaticLifeHistory","Life History Analysis Tools","https://cran.r-project.org/web/packages/AquaticLifeHistory/index.html","1.0.5","R (≥ 3.3)","plyr, MASS, readr, broom, MuMIn, magrittr, rlist, minpack.lm, dplyr, tidyr, ggplot2","2023-11-17","knitr, rmarkdown","10.32614/CRAN.package.AquaticLifeHistory",NA,NA,NA,NA,NA
"ArArRedux","Rigorous Data Reduction and Error Propagation of Ar40 / Ar39
Data","https://cran.r-project.org/web/packages/ArArRedux/index.html","1.0","R (≥ 3.0.2)","utils, stats, methods, graphics, grDevices","2018-10-03",NA,"10.32614/CRAN.package.ArArRedux",NA,NA,NA,NA,NA
"ArCo","Artificial Counterfactual Package","https://cran.r-project.org/web/packages/ArCo/index.html","0.3-1",NA,"Matrix, glmnet, boot","2017-11-05",NA,"10.32614/CRAN.package.ArCo",NA,NA,NA,NA,NA
"ArDec","Time Series Autoregressive-Based Decomposition","https://cran.r-project.org/web/packages/ArDec/index.html","2.1-1",NA,NA,"2022-05-31",NA,"10.32614/CRAN.package.ArDec",NA,NA,NA,NA,NA
"ArchaeoPhases","Post-Processing of Markov Chain Monte Carlo Simulations for
Chronological Modelling","https://cran.r-project.org/web/packages/ArchaeoPhases/index.html","2.0","R (≥ 3.5)","arkhe (≥ 1.6.0), aion (≥ 1.0.2), graphics, grDevices, methods, stats, tools, utils","2024-06-16","ArchaeoData, coda, knitr, rmarkdown, rsvg, svglite, tinysnapshot, tinytest","10.32614/CRAN.package.ArchaeoPhases",NA,NA,NA,NA,NA
"ArchaeoPhases.dataset","Data Sets for 'ArchaeoPhases' Vignettes","https://cran.r-project.org/web/packages/ArchaeoPhases.dataset/index.html","0.2.0","R (≥ 3.5.0)",NA,"2022-02-14",NA,"10.32614/CRAN.package.ArchaeoPhases.dataset",NA,NA,NA,NA,NA
"ArctosR","An Interface to the 'Arctos' Database","https://cran.r-project.org/web/packages/ArctosR/index.html","0.1.2","R (≥ 4.1.0)","R6 (≥ 2.5.1), curl (≥ 5.0.0), jsonlite (≥ 1.8.0)","2025-09-15","knitr, rmarkdown, testthat (≥ 3.0.0)","10.32614/CRAN.package.ArctosR",NA,NA,NA,NA,NA
"ArgentinAPI","Access Argentinian Data via APIs and Curated Datasets","https://cran.r-project.org/web/packages/ArgentinAPI/index.html","0.2.0","R (≥ 4.1.0)","utils, httr, jsonlite, dplyr, lubridate, scales, tibble","2025-09-13","ggplot2, testthat (≥ 3.0.0), knitr, rmarkdown","10.32614/CRAN.package.ArgentinAPI",NA,NA,NA,NA,NA
"Argentum","Access and Import WMS and WFS Data from Argentine Organizations","https://cran.r-project.org/web/packages/Argentum/index.html","1.0.0",NA,"httr, xml2, sf, readr","2025-02-13","testthat (≥ 3.0.0), mockery, knitr, rmarkdown","10.32614/CRAN.package.Argentum",NA,NA,NA,NA,NA
"AriGaMyANNSVR","Hybrid ARIMA-GARCH and Two Specially Designed ML-Based Models","https://cran.r-project.org/web/packages/AriGaMyANNSVR/index.html","0.1.0",NA,"AllMetrics, DescribeDF, stats, dplyr, psych, FinTS, tseries, forecast, fGarch, aTSA, neuralnet, e1071","2023-04-13",NA,"10.32614/CRAN.package.AriGaMyANNSVR",NA,NA,NA,NA,NA
"Arothron","Geometric Morphometric Methods and Virtual Anthropology Tools","https://cran.r-project.org/web/packages/Arothron/index.html","2.0.5","R (≥ 3.5.0)","abind (≥ 1.4), alphashape3d (≥ 1.3), compositions (≥
1.40-1), doParallel (≥ 1.0.11), foreach (≥ 1.4.4), geometry (≥ 0.3-6), graphics (≥ 3.4.0), grDevices (≥ 3.4.0), methods (≥ 3.5), Morpho (≥ 2.5.0), parallel (≥ 1.0), rgl (≥ 1.0.1), Rvcg (≥ 0.17), stats (≥ 3.4.0), stats4 (≥ 4.0), stringr (≥
1.3.0), utils (≥ 3.4.0), vegan (≥ 2.4)","2023-02-01",NA,"10.32614/CRAN.package.Arothron",NA,NA,NA,NA,NA
"Asiaverse","A Metapackage for Asian Countries RESTful APIs and Curated
Datasets","https://cran.r-project.org/web/packages/Asiaverse/index.html","0.1.0","R (≥ 4.1.0), ChinAPIs, JapanAPIs, SouthKoreAPIs, IndiAPIs, IndonesiAPIs","cli, utils","2025-09-16","testthat (≥ 3.0.0), knitr, rmarkdown","10.32614/CRAN.package.Asiaverse",NA,NA,NA,NA,NA
"AsioHeaders","'Asio' C++ Header Files","https://cran.r-project.org/web/packages/AsioHeaders/index.html","1.30.2-1",NA,NA,"2025-04-15",NA,"10.32614/CRAN.package.AsioHeaders",NA,NA,NA,NA,NA
"AssetCorr","Estimating Asset Correlations from Default Data","https://cran.r-project.org/web/packages/AssetCorr/index.html","1.0.4",NA,"VineCopula, mvtnorm, boot, numDeriv, mvQuad, ggplot2, Rdpack, knitr, qpdf","2021-05-05","markdown","10.32614/CRAN.package.AssetCorr",NA,NA,NA,NA,NA
"AssetPricing","Optimal Pricing of Assets with Fixed Expiry Date","https://cran.r-project.org/web/packages/AssetPricing/index.html","1.0-3","R (≥ 0.99)","polynom, deSolve","2021-10-07",NA,"10.32614/CRAN.package.AssetPricing",NA,NA,NA,NA,NA
"AssocBin","Measuring Association with Recursive Binning","https://cran.r-project.org/web/packages/AssocBin/index.html","1.1-2","R (≥ 4.5.0)",NA,"2025-09-02","knitr, rmarkdown","10.32614/CRAN.package.AssocBin",NA,NA,NA,NA,NA
"AssumpSure","'shiny' Application for Statistical Test Assumption Checking and
Guidance","https://cran.r-project.org/web/packages/AssumpSure/index.html","1.1.1","R (≥ 4.2.0)","shiny, shinyjs, shinyBS, bslib, htmltools, shinyscreenshot, fontawesome, tidyverse, rstatix, ggpubr, knitr, compositions, car, correlation, MVN, performance, modelbased, patchwork, see, bestNormalize, DHARMa, lmerTest, MASS, nnet, broom, broom.mixed, DT, kableExtra, sjPlot, brglm2, glmmTMB, effectsize, coin","2025-09-18",NA,"10.32614/CRAN.package.AssumpSure",NA,NA,NA,NA,NA
"AsthmaNHANES","Asthma Data Sets from NHANES","https://cran.r-project.org/web/packages/AsthmaNHANES/index.html","1.1.0","R (≥ 3.5.0)",NA,"2021-04-13",NA,"10.32614/CRAN.package.AsthmaNHANES",NA,NA,NA,NA,NA
"AsyK","Kernel Density Estimation","https://cran.r-project.org/web/packages/AsyK/index.html","1.5.6",NA,NA,"2025-04-29",NA,"10.32614/CRAN.package.AsyK",NA,NA,NA,NA,NA
"AsymmetricSORDs","Asymmetric Second Order Rotatable Designs (AsymmetricSORDs)","https://cran.r-project.org/web/packages/AsymmetricSORDs/index.html","1.0.0",NA,NA,"2022-04-28",NA,"10.32614/CRAN.package.AsymmetricSORDs",NA,NA,NA,NA,NA
"AsynchLong","Regression Analysis of Sparse Asynchronous Longitudinal Data","https://cran.r-project.org/web/packages/AsynchLong/index.html","2.4","compiler, parallel, stats, graphics, methods",NA,"2025-05-03",NA,"10.32614/CRAN.package.AsynchLong",NA,NA,NA,NA,NA
"AteMeVs","Average Treatment Effects with Measurement Error and Variable
Selection for Confounders","https://cran.r-project.org/web/packages/AteMeVs/index.html","0.1.0",NA,"MASS, ncvreg","2023-09-04",NA,"10.32614/CRAN.package.AteMeVs",NA,NA,NA,NA,NA
"Athlytics","Advanced Sports Performance Analysis for 'Strava' Data","https://cran.r-project.org/web/packages/Athlytics/index.html","0.1.2","R (≥ 3.6.0)","dplyr (≥ 1.0.0), ggplot2, httr, jsonlite, lubridate, purrr, rlang (≥ 0.4.0), rStrava, tidyr, viridis, zoo","2025-05-16","devtools, knitr, pkgdown, rmarkdown, testthat (≥ 3.0.0), mockery","10.32614/CRAN.package.Athlytics",NA,NA,NA,NA,NA
"AtlasMaker","Make Multiple 'leaflet' Maps in 'Shiny'","https://cran.r-project.org/web/packages/AtlasMaker/index.html","0.1.0","R (≥ 3.5.0)","leaflet, shiny","2023-07-17","knitr, rmarkdown","10.32614/CRAN.package.AtlasMaker",NA,NA,NA,NA,NA
"AtmChile","Download Air Quality and Meteorological Information of Chile","https://cran.r-project.org/web/packages/AtmChile/index.html","1.0.4",NA,"data.table, plotly, shiny, openair, lubridate, shinycssloaders, DT","2025-01-26",NA,"10.32614/CRAN.package.AtmChile",NA,NA,NA,NA,NA
"AudioScatter","Audiogram Scattergrams","https://cran.r-project.org/web/packages/AudioScatter/index.html","1.1.0","R (≥ 3.5.0)","tidyverse, ggplot2, dplyr, scales, tibble, magrittr","2025-06-11","testthat (≥ 3.0.0)","10.32614/CRAN.package.AudioScatter",NA,NA,NA,NA,NA
"AurieLSHGaussian","Creates a Neighbourhood Using Locality Sensitive Hashing for
Gaussian Projections","https://cran.r-project.org/web/packages/AurieLSHGaussian/index.html","0.2.0","igraph, stringdist, reshape2, lsa","stats, flexclust","2017-09-15",NA,"10.32614/CRAN.package.AurieLSHGaussian",NA,NA,NA,NA,NA
"AustralianPoliticians","Provides Datasets About Australian Politicians","https://cran.r-project.org/web/packages/AustralianPoliticians/index.html","0.1.0","R (≥ 2.10)","dplyr, readr, purrr, utils, tibble","2021-11-30","rmarkdown, knitr, spelling, testthat (≥ 3.0.0)","10.32614/CRAN.package.AustralianPoliticians",NA,NA,NA,NA,NA
"AutoAds","Advertisement Metrics Calculation","https://cran.r-project.org/web/packages/AutoAds/index.html","0.1.0",NA,"forecast, ggplot2, rlang","2023-07-08",NA,"10.32614/CRAN.package.AutoAds",NA,NA,NA,NA,NA
"AutoDeskR","An Interface to the 'AutoDesk' 'API' Platform","https://cran.r-project.org/web/packages/AutoDeskR/index.html","0.1.5","R (≥ 2.10.0)","httr, jsonlite, shiny","2024-09-10","knitr, rmarkdown","10.32614/CRAN.package.AutoDeskR",NA,NA,NA,NA,NA
"AutoPipe","Automated Transcriptome Classifier Pipeline: Comprehensive
Transcriptome Analysis","https://cran.r-project.org/web/packages/AutoPipe/index.html","0.1.6","R (≥ 3.5.0)","cluster , pamr , siggenes , annotate , fgsea , org.Hs.eg.db
, RColorBrewer , ConsensusClusterPlus , Rtsne , clusterProfiler
, msigdbr","2019-02-27",NA,"10.32614/CRAN.package.AutoPipe",NA,NA,NA,NA,NA
"AutoPlots","Creating Echarts Visualizations as Easy as Possible","https://cran.r-project.org/web/packages/AutoPlots/index.html","1.0.0","R (≥ 4.1.0)","combinat, data.table, dplyr, e1071, echarts4r, lubridate, nortest, quanteda, quanteda.textstats, scales, stats, utils","2024-01-23","spelling","10.32614/CRAN.package.AutoPlots",NA,NA,NA,NA,NA
"AutoScore","An Interpretable Machine Learning-Based Automatic Clinical Score
Generator","https://cran.r-project.org/web/packages/AutoScore/index.html","1.1.0","R (≥ 3.5.0)","tableone, pROC, randomForest, ggplot2, knitr, Hmisc, car, dplyr, ordinal, survival, tidyr, plotly, magrittr, randomForestSRC, rlang, survAUC, survminer","2025-08-01","rpart, rmarkdown","10.32614/CRAN.package.AutoScore",NA,NA,NA,NA,NA
"AutoStepwiseGLM","Builds Stepwise GLMs via Train and Test Approach","https://cran.r-project.org/web/packages/AutoStepwiseGLM/index.html","0.2.0","caret, formula.tools",NA,"2018-11-14",NA,"10.32614/CRAN.package.AutoStepwiseGLM",NA,NA,NA,NA,NA
"AutoTransQF","A Novel Automatic Shifted Log Transformation","https://cran.r-project.org/web/packages/AutoTransQF/index.html","0.1.3","R (≥ 3.5)","VGAM, matlab2r, moments, stats (≥ 4.2.2)","2023-09-15","nortest","10.32614/CRAN.package.AutoTransQF",NA,NA,NA,NA,NA
"AutoWMM","Perform the Weighted Multiplier Method on Trees","https://cran.r-project.org/web/packages/AutoWMM/index.html","1.0.2","R (≥ 4.3.0)","data.tree, DiagrammeR, dplyr, gtools, MASS, rlang, magrittr, tidyselect","2025-05-20","knitr, rmarkdown, testthat (≥ 3.0.0)","10.32614/CRAN.package.AutoWMM",NA,NA,NA,NA,NA
"AutoWeatherIndices","Calculating Weather Indices","https://cran.r-project.org/web/packages/AutoWeatherIndices/index.html","0.1.0",NA,"Hmisc, gtools","2022-08-26",NA,"10.32614/CRAN.package.AutoWeatherIndices",NA,NA,NA,NA,NA
"Autoplotprotein","Development of Visualization Tools for Protein Sequence","https://cran.r-project.org/web/packages/Autoplotprotein/index.html","1.1","XML, plyr, plotrix, seqinr, ade4",NA,"2017-07-06",NA,"10.32614/CRAN.package.Autoplotprotein",NA,NA,NA,NA,NA
"AutoregressionMDE","Minimum Distance Estimation in Autoregressive Model","https://cran.r-project.org/web/packages/AutoregressionMDE/index.html","1.0","R (≥ 3.2.2)",NA,"2015-09-14",NA,"10.32614/CRAN.package.AutoregressionMDE",NA,NA,NA,NA,NA
"Autoseed","Retrieve Disease-Related Genes from Public Sources","https://cran.r-project.org/web/packages/Autoseed/index.html","0.1.0","R (≥ 3.5.0)",NA,"2020-04-24",NA,"10.32614/CRAN.package.Autoseed",NA,NA,NA,NA,NA
"AuxSurvey","Survey Analysis with Auxiliary Discretized Variables","https://cran.r-project.org/web/packages/AuxSurvey/index.html","1.1","mgcv, rstanarm, stats","survey, gtools, coda, BART, dplyr, stringr, rlang","2025-09-07","knitr, rmarkdown","10.32614/CRAN.package.AuxSurvey",NA,NA,NA,NA,NA
"AvInertia","Calculate the Inertial Properties of a Flying Bird","https://cran.r-project.org/web/packages/AvInertia/index.html","0.0.2","R (≥ 3.5.0)","pracma, readxl, ggplot2, stringr, tidyr, ggthemes, reshape2","2022-03-24","knitr, rmarkdown","10.32614/CRAN.package.AvInertia",NA,NA,NA,NA,NA
"AzureAppInsights","Include Azure Application Insights in Shiny Apps","https://cran.r-project.org/web/packages/AzureAppInsights/index.html","0.3.1","R (≥ 4.0.0)","shiny (≥ 1.5.0), rlang (≥ 0.4.11), assertthat (≥ 0.2.0), jsonlite (≥ 1.7.2), lubridate (≥ 1.7)","2023-06-13","testthat, here","10.32614/CRAN.package.AzureAppInsights",NA,NA,NA,NA,NA
"AzureAuth","Authentication Services for Azure Active Directory","https://cran.r-project.org/web/packages/AzureAuth/index.html","1.3.3","R (≥ 3.3)","utils, httr (≥ 1.3), openssl, jsonlite, jose, R6, rappdirs","2021-09-13","knitr, rmarkdown, testthat, httpuv, shiny, shinyjs, AzureRMR, AzureGraph","10.32614/CRAN.package.AzureAuth",NA,NA,NA,NA,NA
"AzureCognitive","Interface to Azure Cognitive Services","https://cran.r-project.org/web/packages/AzureCognitive/index.html","1.0.2","R (≥ 3.3)","AzureAuth (≥ 1.2.0), AzureRMR, jsonlite, httr (≥ 1.3)","2025-04-12","knitr, rmarkdown, testthat","10.32614/CRAN.package.AzureCognitive",NA,NA,NA,NA,NA
"AzureContainers","Interface to 'Container Instances', 'Docker Registry' and
'Kubernetes' in 'Azure'","https://cran.r-project.org/web/packages/AzureContainers/index.html","1.3.3","R (≥ 3.3)","utils, AzureRMR (≥ 2.0.0), AzureGraph (≥ 1.1.0), openssl, httr, R6, processx","2025-04-12","knitr, rmarkdown, testthat, uuid, MASS, bcrypt, randomForest, plumber, RestRserve, AzureKeyVault","10.32614/CRAN.package.AzureContainers",NA,NA,NA,NA,NA
"AzureCosmosR","Interface to the 'Azure Cosmos DB' 'NoSQL' Database Service","https://cran.r-project.org/web/packages/AzureCosmosR/index.html","1.0.0","R (≥ 3.3)","utils, AzureRMR (≥ 2.3.3), curl, openssl, jsonlite, httr, uuid, vctrs (≥ 0.3.0)","2021-01-18","AzureTableStor, mongolite, DBI, odbc, dplyr, testthat, knitr, rmarkdown","10.32614/CRAN.package.AzureCosmosR",NA,NA,NA,NA,NA
"AzureGraph","Simple Interface to 'Microsoft Graph'","https://cran.r-project.org/web/packages/AzureGraph/index.html","1.3.5","R (≥ 3.3)","AzureAuth (≥ 1.0.1), utils, httr (≥ 1.3), jsonlite, openssl, curl, R6","2025-07-31","AzureRMR, vctrs, knitr, rmarkdown, testthat","10.32614/CRAN.package.AzureGraph",NA,NA,NA,NA,NA
"AzureKeyVault","Key and Secret Management in 'Azure'","https://cran.r-project.org/web/packages/AzureKeyVault/index.html","1.0.6","R (≥ 3.3)","utils, R6, httr, jsonlite, openssl, jose, AzureRMR, AzureGraph, AzureAuth (≥ 1.0.1)","2025-04-12","AzureStor, knitr, rmarkdown, testthat","10.32614/CRAN.package.AzureKeyVault",NA,NA,NA,NA,NA
"AzureKusto","Interface to 'Kusto'/'Azure Data Explorer'","https://cran.r-project.org/web/packages/AzureKusto/index.html","1.1.4","R (≥ 3.3)","rlang, methods, utils, httr (≥ 1.3), jsonlite, R6, openssl, AzureAuth, AzureRMR (≥ 2.0.0), tibble, dplyr, tidyr, tidyselect (≥ 0.2.4), DBI (≥ 1.0.0)","2025-09-10","bit64, knitr, testthat, AzureGraph, AzureStor (≥ 2.0.0), rmarkdown","10.32614/CRAN.package.AzureKusto",NA,NA,NA,NA,NA
"AzureQstor","Interface to 'Azure Queue Storage'","https://cran.r-project.org/web/packages/AzureQstor/index.html","1.0.2","R (≥ 3.3)","utils, AzureRMR (≥ 2.0.0), AzureStor (≥ 3.0.0), openssl, httr","2025-04-23","testthat, knitr, rmarkdown","10.32614/CRAN.package.AzureQstor",NA,NA,NA,NA,NA
"AzureRMR","Interface to 'Azure Resource Manager'","https://cran.r-project.org/web/packages/AzureRMR/index.html","2.4.5","R (≥ 3.3)","AzureGraph (≥ 1.2.0), AzureAuth (≥ 1.2.1), utils, parallel, httr (≥ 1.3), jsonlite, R6, uuid","2025-07-31","knitr, rmarkdown, testthat, httpuv, AzureStor","10.32614/CRAN.package.AzureRMR",NA,NA,NA,NA,NA
"AzureStor","Storage Management in 'Azure'","https://cran.r-project.org/web/packages/AzureStor/index.html","3.7.1","R (≥ 3.3)","utils, R6, httr (≥ 1.4.0), mime, openssl, xml2, vctrs, AzureRMR (≥ 2.3.0)","2025-08-25","AzureAuth, readr, knitr, rmarkdown, jsonlite, testthat, processx, uuid","10.32614/CRAN.package.AzureStor",NA,NA,NA,NA,NA
"AzureTableStor","Interface to the Table Storage Service in 'Azure'","https://cran.r-project.org/web/packages/AzureTableStor/index.html","1.0.0","R (≥ 3.3)","utils, AzureRMR (≥ 2.0.0), AzureStor (≥ 3.0.0), jsonlite, openssl, httr, uuid, vctrs (≥ 0.3.0)","2020-11-05","testthat, knitr, rmarkdown","10.32614/CRAN.package.AzureTableStor",NA,NA,NA,NA,NA
"AzureVM","Virtual Machines in 'Azure'","https://cran.r-project.org/web/packages/AzureVM/index.html","2.2.2","R (≥ 3.3)","R6 (≥ 2.4.1), AzureRMR (≥ 2.3.0), jsonlite","2020-10-14","knitr, rmarkdown, testthat, parallel, AzureKeyVault, AzureVMmetadata","10.32614/CRAN.package.AzureVM",NA,NA,NA,NA,NA
"AzureVMmetadata","Interface to Azure Virtual Machine Instance Metadata","https://cran.r-project.org/web/packages/AzureVMmetadata/index.html","1.0.1","R (≥ 3.3)","openssl, httr (≥ 1.3)","2020-10-14","AzureAuth, AzureVM","10.32614/CRAN.package.AzureVMmetadata",NA,NA,NA,NA,NA
"AzureVision","Interface to Azure Computer Vision Services","https://cran.r-project.org/web/packages/AzureVision/index.html","1.0.2","R (≥ 3.3)","AzureRMR, AzureCognitive, httr, utils","2020-10-17","knitr, rmarkdown, AzureAuth, testthat","10.32614/CRAN.package.AzureVision",NA,NA,NA,NA,NA
"BACCO","Bayesian Analysis of Computer Code Output (BACCO)","https://cran.r-project.org/web/packages/BACCO/index.html","2.1-0","emulator (≥ 1.2-21), calibrator (≥ 1.2-5), approximator (≥
1.2-6)",NA,"2023-09-10",NA,"10.32614/CRAN.package.BACCO",NA,NA,NA,NA,NA
"BACCT","Bayesian Augmented Control for Clinical Trials","https://cran.r-project.org/web/packages/BACCT/index.html","1.0","R (≥ 2.10)","rjags, ggplot2, reshape2","2016-06-25",NA,"10.32614/CRAN.package.BACCT",NA,NA,NA,NA,NA
"BACprior","Choice of Omega in the BAC Algorithm","https://cran.r-project.org/web/packages/BACprior/index.html","2.1.2","mvtnorm, leaps, boot",NA,"2025-08-28",NA,"10.32614/CRAN.package.BACprior",NA,NA,NA,NA,NA
"BAGofT","A Binary Regression Adaptive Goodness-of-Fit Test (BAGofT)","https://cran.r-project.org/web/packages/BAGofT/index.html","1.0.0","R (≥ 3.6.0)","randomForest (≥ 4.6.14), dcov (≥ 0.1.1)","2021-09-14","glmnet (≥ 2.0.18), xgboost (≥ 1.2.0.1)","10.32614/CRAN.package.BAGofT",NA,NA,NA,NA,NA
"BALLI","Expression RNA-Seq Data Analysis Based on Linear Mixed Model","https://cran.r-project.org/web/packages/BALLI/index.html","0.2.0","R (≥ 2.15.0), edgeR, limma, MASS, parallel, stats, methods",NA,"2019-04-25","knitr, rmarkdown","10.32614/CRAN.package.BALLI",NA,NA,NA,NA,NA
"BAMBI","Bivariate Angular Mixture Models","https://cran.r-project.org/web/packages/BAMBI/index.html","2.3.6","R (≥ 3.2.0)","stats, stats4, graphics, lattice, grDevices, Rcpp, tcltk, qrng, mvtnorm, gtools, parallel, label.switching, methods, coda, future.apply, loo (≥ 2.4.1), RColorBrewer, bridgesampling, scales, numDeriv","future, gridExtra","Rcpp, RcppArmadillo","2024-10-25",NA,NA,NA,NA,NA
"BAMMtools","Analysis and Visualization of Macroevolutionary Dynamics on
Phylogenetic Trees","https://cran.r-project.org/web/packages/BAMMtools/index.html","2.1.12","ape, R (≥ 2.10)","Rcpp (≥ 0.11.0), gplots, methods","2024-09-12","parallel","10.32614/CRAN.package.BAMMtools",NA,NA,NA,NA,NA
"BANAM","Bayesian Analysis of the Network Autocorrelation Model","https://cran.r-project.org/web/packages/BANAM/index.html","0.2.2","R (≥ 3.0.0), BFpack","Matrix, extraDistr, matrixcalc, mvtnorm, rARPACK, tmvtnorm, utils, psych, sna, bain","2024-12-03","testthat","10.32614/CRAN.package.BANAM",NA,NA,NA,NA,NA
"BANOVA","Hierarchical Bayesian ANOVA Models","https://cran.r-project.org/web/packages/BANOVA/index.html","1.2.1","R (≥ 3.6.0)","rjags (≥ 3-13), runjags (≥ 1.2.1-0), coda (≥ 0.16-1), rstan (≥ 2.15.1), methods","2022-06-21","knitr, rmarkdown","10.32614/CRAN.package.BANOVA",NA,NA,NA,NA,NA
"BAR","Bayesian Adaptive Randomization","https://cran.r-project.org/web/packages/BAR/index.html","0.1.1",NA,NA,"2022-11-08","knitr, rmarkdown","10.32614/CRAN.package.BAR",NA,NA,NA,NA,NA
"BAREB","A Bayesian Repulsive Biclustering Model for Periodontal Data","https://cran.r-project.org/web/packages/BAREB/index.html","0.1.2","R (≥ 3.5.0)","Rcpp","Rcpp, RcppArmadillo",NA,"2024-12-18",NA,NA,NA,NA,NA
"BART","Bayesian Additive Regression Trees","https://cran.r-project.org/web/packages/BART/index.html","2.9.9","R (≥ 3.6), nlme, survival","Rcpp (≥ 0.12.3), parallel, tools","MASS, knitr, rmarkdown","Rcpp","2024-06-21",NA,NA,NA,NA,NA
"BAS","Bayesian Variable Selection and Model Averaging using Bayesian
Adaptive Sampling","https://cran.r-project.org/web/packages/BAS/index.html","1.7.5","R (≥ 3.0)","stats, graphics, utils, grDevices","2024-11-28","MASS, knitr, ggplot2, GGally, rmarkdown, roxygen2, dplyr, glmbb, testthat, covr, faraway","10.32614/CRAN.package.BAS",NA,NA,NA,NA,NA
"BASS","Bayesian Adaptive Spline Surfaces","https://cran.r-project.org/web/packages/BASS/index.html","1.3.1",NA,"truncdist, hypergeo","2023-07-04","R.rsp, testthat (≥ 2.1.0), parallel","10.32614/CRAN.package.BASS",NA,NA,NA,NA,NA
"BASiNET","Classification of RNA Sequences using Complex Network Theory","https://cran.r-project.org/web/packages/BASiNET/index.html","0.0.5","R (≥ 3.4.0)","igraph, Biostrings, RWeka, randomForest, rmcfs, grDevices, graphics, stats, rJava","2022-08-19","knitr, rmarkdown","10.32614/CRAN.package.BASiNET",NA,NA,NA,NA,NA
"BASiNETEntropy","Classification of RNA Sequences using Complex Network and
Information Theory","https://cran.r-project.org/web/packages/BASiNETEntropy/index.html","0.99.6","R (≥ 4.1.0)","igraph, Biostrings, randomForest","2023-08-16","knitr, rmarkdown","10.32614/CRAN.package.BASiNETEntropy",NA,NA,NA,NA,NA
"BAT","Biodiversity Assessment Tools","https://cran.r-project.org/web/packages/BAT/index.html","2.11.0","R (≥ 3.0.0)","ape, boot, geometry, graphics, hypervolume, MASS, methods, nls2, parallel, phytools, stats, terra, TreeTools, utils, vegan","2025-07-29",NA,"10.32614/CRAN.package.BAT",NA,NA,NA,NA,NA
"BATSS","Bayesian Adaptive Trial Simulator Software (BATSS) for
Generalised Linear Models","https://cran.r-project.org/web/packages/BATSS/index.html","1.1.0",NA,"parallel, methods, stats, grDevices, abind, plyr, rlang, R.utils, cli, sm","2025-09-21","INLA","10.32614/CRAN.package.BATSS",NA,NA,NA,NA,NA
"BAYSTAR","On Bayesian Analysis of Threshold Autoregressive Models","https://cran.r-project.org/web/packages/BAYSTAR/index.html","0.2-10","R (≥ 3.0.1), mvtnorm, coda",NA,"2022-05-14",NA,"10.32614/CRAN.package.BAYSTAR",NA,NA,NA,NA,NA
"BAwiR","Analysis of Basketball Data","https://cran.r-project.org/web/packages/BAwiR/index.html","1.3.4","R (≥ 3.5.0)","Anthropometry, plyr, dplyr, ggplot2, grid, httr, lubridate, magrittr, purrr, qdapRegex, readr, reshape2, rvest, rworldmap, scales, stringi, stringr, tibble, tidyr, xml2","2025-02-14","knitr, markdown, rmarkdown","10.32614/CRAN.package.BAwiR",NA,NA,NA,NA,NA
"BB","Solving and Optimizing Large-Scale Nonlinear Systems","https://cran.r-project.org/web/packages/BB/index.html","2019.10-1","R (≥ 2.6.1)","stats, quadprog","2019-10-18","setRNG, survival, Hmisc, numDeriv","10.32614/CRAN.package.BB",NA,NA,NA,NA,NA
"BBEST","Bayesian Estimation of Incoherent Neutron Scattering Backgrounds","https://cran.r-project.org/web/packages/BBEST/index.html","0.1-8",NA,"DEoptim, aws, grid, ggplot2, reshape2, shiny, methods","2020-11-19",NA,"10.32614/CRAN.package.BBEST",NA,NA,NA,NA,NA
"BBI","Benthic Biotic Indices Calculation from Composition Data","https://cran.r-project.org/web/packages/BBI/index.html","0.3.0","vegan",NA,"2018-10-17",NA,"10.32614/CRAN.package.BBI",NA,NA,NA,NA,NA
"BBmisc","Miscellaneous Helper Functions for B. Bischl","https://cran.r-project.org/web/packages/BBmisc/index.html","1.13",NA,"checkmate (≥ 1.8.0), data.table, methods, stats, utils","2022-09-29","codetools, microbenchmark, testthat","10.32614/CRAN.package.BBmisc",NA,NA,NA,NA,NA
"BCA1SG","Block Coordinate Ascent with One-Step Generalized Rosen
Algorithm","https://cran.r-project.org/web/packages/BCA1SG/index.html","0.1.0","R (≥ 3.5.0)","Matrix, logOfGamma, stats","2019-12-06",NA,"10.32614/CRAN.package.BCA1SG",NA,NA,NA,NA,NA
